-- MySQL dump 10.13  Distrib 8.0.33, for Win64 (x86_64)
--
-- Host: localhost    Database: course_managent
-- ------------------------------------------------------
-- Server version	8.0.33

/*!40101 SET @OLD_CHARACTER_SET_CLIENT=@@CHARACTER_SET_CLIENT */;
/*!40101 SET @OLD_CHARACTER_SET_RESULTS=@@CHARACTER_SET_RESULTS */;
/*!40101 SET @OLD_COLLATION_CONNECTION=@@COLLATION_CONNECTION */;
/*!50503 SET NAMES utf8 */;
/*!40103 SET @OLD_TIME_ZONE=@@TIME_ZONE */;
/*!40103 SET TIME_ZONE='+00:00' */;
/*!40014 SET @OLD_UNIQUE_CHECKS=@@UNIQUE_CHECKS, UNIQUE_CHECKS=0 */;
/*!40014 SET @OLD_FOREIGN_KEY_CHECKS=@@FOREIGN_KEY_CHECKS, FOREIGN_KEY_CHECKS=0 */;
/*!40101 SET @OLD_SQL_MODE=@@SQL_MODE, SQL_MODE='NO_AUTO_VALUE_ON_ZERO' */;
/*!40111 SET @OLD_SQL_NOTES=@@SQL_NOTES, SQL_NOTES=0 */;

--
-- Table structure for table `account`
--

DROP TABLE IF EXISTS `account`;
/*!40101 SET @saved_cs_client     = @@character_set_client */;
/*!50503 SET character_set_client = utf8mb4 */;
CREATE TABLE `account` (
  `id` varchar(50) NOT NULL,
  `email` varchar(100) DEFAULT NULL,
  `password` varchar(200) DEFAULT NULL,
  `full_name` varchar(100) CHARACTER SET utf8mb3 COLLATE utf8mb3_general_ci DEFAULT NULL,
  `phone_number` varchar(50) DEFAULT NULL,
  `status` int DEFAULT NULL,
  `role` int DEFAULT NULL,
  `gender` int DEFAULT NULL,
  `date_of_birth` datetime DEFAULT NULL,
  `created_date` datetime DEFAULT NULL,
  `updated_date` datetime DEFAULT NULL,
  PRIMARY KEY (`id`)
) ENGINE=InnoDB DEFAULT CHARSET=utf8mb4 COLLATE=utf8mb4_0900_ai_ci;
/*!40101 SET character_set_client = @saved_cs_client */;

--
-- Dumping data for table `account`
--

LOCK TABLES `account` WRITE;
/*!40000 ALTER TABLE `account` DISABLE KEYS */;
INSERT INTO `account` VALUES ('d6a13f5b-6248-4d1e-b2d3-e7d3f4b15we4','thuydung@gmail.com','$2a$10$Uos9WZ.SLeqsrb0W7b548uyX5K1hySo8Z1TYmHKNEct8GOh6WlW76',NULL,NULL,NULL,1,NULL,NULL,NULL,NULL),('dfsgveafgrdsasfg2e242wefawsda','admin@gmail.com','$2a$10$Uos9WZ.SLeqsrb0W7b548uyX5K1hySo8Z1TYmHKNEct8GOh6WlW76',NULL,NULL,NULL,0,NULL,NULL,NULL,NULL),('dfsgveafgrdsasfg2e242wefawsda6trt44w','kienvan@gmail.com','$2a$10$Uos9WZ.SLeqsrb0W7b548uyX5K1hySo8Z1TYmHKNEct8GOh6WlW76',NULL,NULL,NULL,2,NULL,NULL,NULL,NULL);
/*!40000 ALTER TABLE `account` ENABLE KEYS */;
UNLOCK TABLES;

--
-- Table structure for table `account_mail`
--

DROP TABLE IF EXISTS `account_mail`;
/*!40101 SET @saved_cs_client     = @@character_set_client */;
/*!50503 SET character_set_client = utf8mb4 */;
CREATE TABLE `account_mail` (
  `id` varchar(50) NOT NULL,
  `host` varchar(45) DEFAULT NULL,
  `port` int DEFAULT NULL,
  `username` varchar(200) DEFAULT NULL,
  `password` varchar(200) DEFAULT NULL,
  `status` int DEFAULT NULL,
  PRIMARY KEY (`id`)
) ENGINE=InnoDB DEFAULT CHARSET=utf8mb4 COLLATE=utf8mb4_0900_ai_ci;
/*!40101 SET character_set_client = @saved_cs_client */;

--
-- Dumping data for table `account_mail`
--

LOCK TABLES `account_mail` WRITE;
/*!40000 ALTER TABLE `account_mail` DISABLE KEYS */;
INSERT INTO `account_mail` VALUES ('d4ae9344-de46-4d7a-b8b8-d482bd98618b','smtp.gmail.com',587,'thuydung310703@gmail.com','sdfgherttyjdf',0),('gfhdryhdfrr4534grdg564534ffe','smtp.gmail.com',587,'kienvan131203@gmail.com','nvdypfihtueznfgs',0),('gfhdryhdfrr4534grdg564534sda','smtp.gmail.com',587,'namndph37181@fpt.edu.vn','oyyglwkgvddaykuf',0),('gfhdryhdfrr4534grdg564534ter','smtp.gmail.com',587,'kiennvph26130@fpt.edu.vn','nvdypfihtueznfgs',1);
/*!40000 ALTER TABLE `account_mail` ENABLE KEYS */;
UNLOCK TABLES;

--
-- Table structure for table `class_student`
--

DROP TABLE IF EXISTS `class_student`;
/*!40101 SET @saved_cs_client     = @@character_set_client */;
/*!50503 SET character_set_client = utf8mb4 */;
CREATE TABLE `class_student` (
  `id` varchar(50) NOT NULL,
  `student_id` varchar(50) DEFAULT NULL,
  `class_id` varchar(50) DEFAULT NULL,
  PRIMARY KEY (`id`)
) ENGINE=InnoDB DEFAULT CHARSET=utf8mb4 COLLATE=utf8mb4_0900_ai_ci;
/*!40101 SET character_set_client = @saved_cs_client */;

--
-- Dumping data for table `class_student`
--

LOCK TABLES `class_student` WRITE;
/*!40000 ALTER TABLE `class_student` DISABLE KEYS */;
INSERT INTO `class_student` VALUES ('04b7c422-e590-4b8b-8adf-4cc099540408','00577c7c-6f74-4107-8a4f-8be87c93677b','73d335d2-b978-4425-a211-8f0461730da9'),('055c8692-d734-4de0-93a6-d08c4d320359',',763DB766-A07E-2E2E-61D7-19D4D5E289CB','da98046d-f736-4b6c-a092-0f40d1c0a64a'),('09cfdf8a-e4b8-4ad8-80a0-e3728e495840',',563DB766-A07E-2E2E-61D7-19D4D5E289CB','da98046d-f736-4b6c-a092-0f40d1c0a64a'),('1aa4e82f-a917-45dc-91f5-c1bdd581cfb9',',663DB766-A07E-2E2E-61D7-19D4D5E289CB','1c6726f6-4c04-455f-ac96-4cb718d79cbe'),('2d15b524-bb7d-4c1c-a9d3-1fc3879bfe55',',863DB766-A07E-2E2E-61D7-19D4D5E289CB','da98046d-f736-4b6c-a092-0f40d1c0a64a'),('57c7f843-c378-4ed8-92d0-23d8af0a34f6',',263DB766-A07E-2E2E-61D7-19D4D5E289CB','73d335d2-b978-4425-a211-8f0461730da9'),('5c8be24e-3ed1-4299-8b20-2024512bb8ea',',663DB766-A07E-2E2E-61D7-19D4D5E289CB','da98046d-f736-4b6c-a092-0f40d1c0a64a'),('5f25bbbf-78ed-4d14-ae1d-6b9e493aa9d9',',763DB766-A07E-2E2E-61D7-19D4D5E289CB','1c6726f6-4c04-455f-ac96-4cb718d79cbe'),('7dbe19da-dad4-4718-8bb9-cada54f53115',',763DB766-A07E-2E2E-61D7-19D4D5E289CB','73d335d2-b978-4425-a211-8f0461730da9'),('83832746-f5a9-4647-99a3-358accabb759',',663DB766-A07E-2E2E-61D7-19D4D5E289CB','73d335d2-b978-4425-a211-8f0461730da9'),('863c0b3b-1f4b-4076-943d-a4c6440068f8',',563DB766-A07E-2E2E-61D7-19D4D5E289CB','73d335d2-b978-4425-a211-8f0461730da9'),('8a7ad091-5bb1-4cee-9100-12d4e09c13b9',',563DB766-A07E-2E2E-61D7-19D4D5E289CB','1c6726f6-4c04-455f-ac96-4cb718d79cbe'),('ac6adb6d-5e25-4066-b417-1878733c8329',',263DB766-A07E-2E2E-61D7-19D4D5E289CB','2eade042-f3b4-4482-b4f0-4cab3d379442'),('b3a1193b-f389-4066-a514-fa78c8dc169d',',863DB766-A07E-2E2E-61D7-19D4D5E289CB','73d335d2-b978-4425-a211-8f0461730da9'),('b98d2ea4-91b2-4333-9fc9-ddc07bce8625',',563DB766-A07E-2E2E-61D7-19D4D5E289CB','2eade042-f3b4-4482-b4f0-4cab3d379442'),('eb5a9583-1708-46ef-bbbf-df319d37987e',',663DB766-A07E-2E2E-61D7-19D4D5E289CB','2eade042-f3b4-4482-b4f0-4cab3d379442'),('f5784bf9-9ae1-4711-883f-ab57b55f1e57',',763DB766-A07E-2E2E-61D7-19D4D5E289CB','2eade042-f3b4-4482-b4f0-4cab3d379442'),('f938699f-061f-4ac6-9bd3-fa3567b27c8b',',263DB766-A07E-2E2E-61D7-19D4D5E289CB','1c6726f6-4c04-455f-ac96-4cb718d79cbe');
/*!40000 ALTER TABLE `class_student` ENABLE KEYS */;
UNLOCK TABLES;

--
-- Table structure for table `classes`
--

DROP TABLE IF EXISTS `classes`;
/*!40101 SET @saved_cs_client     = @@character_set_client */;
/*!50503 SET character_set_client = utf8mb4 */;
CREATE TABLE `classes` (
  `id` varchar(50) NOT NULL,
  `class_name` varchar(100) CHARACTER SET utf8mb3 COLLATE utf8mb3_general_ci DEFAULT NULL,
  `subject_id` varchar(50) DEFAULT NULL,
  `class_code` varchar(45) DEFAULT NULL,
  `teacher_id` varchar(50) DEFAULT NULL,
  `created_date` datetime DEFAULT NULL,
  `updated_date` datetime DEFAULT NULL,
  `course_id` varchar(50) DEFAULT NULL,
  `start_date` datetime DEFAULT NULL,
  PRIMARY KEY (`id`)
) ENGINE=InnoDB DEFAULT CHARSET=utf8mb4 COLLATE=utf8mb4_0900_ai_ci;
/*!40101 SET character_set_client = @saved_cs_client */;

--
-- Dumping data for table `classes`
--

LOCK TABLES `classes` WRITE;
/*!40000 ALTER TABLE `classes` DISABLE KEYS */;
INSERT INTO `classes` VALUES ('07ea10f9-d377-4119-a874-ca988f682012','IT33451',NULL,'LH4','06d47cf4-ed80-490d-a4c4-95bd8d64f2df','2024-03-19 16:50:13',NULL,'bef23864-c4d5-4fec-9257-259589bed63f','2024-04-07 00:00:00'),('1c6726f6-4c04-455f-ac96-4cb718d79cbe','IT17318',NULL,'LH11','06d47cf4-ed80-490d-a4c4-95bd8d64f2eb','2024-03-19 17:11:56',NULL,'bef23864-c4d5-4fec-9257-259589bed63f','2024-03-06 00:00:00'),('3ae6850f-f5fa-4aa0-a4f0-f769ef0a7344','IT77665',NULL,'LH5','26926b93-aa0a-432e-8d5c-6853d5969fcf','2024-03-19 16:53:42',NULL,'d75994f5-901d-41a1-8fe3-68675acd1c45','2024-03-19 16:53:32'),('41f6c08f-9ceb-457c-9130-46ddcad77da5','IT17317',NULL,'LH7','06d47cf4-ed80-490d-a4c4-95bd8d64f2df','2024-03-19 16:59:10',NULL,'d75994f5-901d-41a1-8fe3-68675acd1c45','2024-04-05 00:00:00'),('5d6f1179-d7c8-456e-a84b-888cab75b071','IT11354',NULL,'LH8','06d47cf4-ed80-490d-a4c4-95bd8d64f2df','2024-03-19 17:09:03',NULL,'d75994f5-901d-41a1-8fe3-68675acd1c45','2024-04-07 00:00:00'),('73d335d2-b978-4425-a211-8f0461730da9','IT22177',NULL,'LH1','06d47cf4-ed80-490d-a4c4-95bd8d64f2eb','2024-03-19 16:47:25',NULL,'d75994f5-901d-41a1-8fe3-68675acd1c45','2024-03-22 00:00:00'),('b02cffe3-108b-4660-9700-78a09378262f','Lớp mới',NULL,'LH1','06d47cf4-ed80-490d-a4c4-95bd8d64f2eb','2024-03-23 20:43:53',NULL,'bbf98b67-8a35-4839-9b8b-27c4aa9a3f8b','2024-03-21 00:00:00');
/*!40000 ALTER TABLE `classes` ENABLE KEYS */;
UNLOCK TABLES;

--
-- Table structure for table `course`
--

DROP TABLE IF EXISTS `course`;
/*!40101 SET @saved_cs_client     = @@character_set_client */;
/*!50503 SET character_set_client = utf8mb4 */;
CREATE TABLE `course` (
  `id` varchar(50) NOT NULL,
  `name` varchar(100) CHARACTER SET utf8mb3 COLLATE utf8mb3_general_ci DEFAULT NULL,
  `description` varchar(200) CHARACTER SET utf8mb3 COLLATE utf8mb3_general_ci DEFAULT NULL,
  `start_date` datetime DEFAULT NULL,
  `end_date` datetime DEFAULT NULL,
  `status` int DEFAULT NULL,
  `total_student` int DEFAULT NULL,
  `created_date` datetime DEFAULT NULL,
  `updated_date` datetime DEFAULT NULL,
  `price` double DEFAULT NULL,
  `image` text,
  `estimated_start_time` varchar(100) CHARACTER SET utf8mb3 COLLATE utf8mb3_general_ci DEFAULT NULL,
  `image_home` text,
  PRIMARY KEY (`id`)
) ENGINE=InnoDB DEFAULT CHARSET=utf8mb4 COLLATE=utf8mb4_0900_ai_ci;
/*!40101 SET character_set_client = @saved_cs_client */;

--
-- Dumping data for table `course`
--

LOCK TABLES `course` WRITE;
/*!40000 ALTER TABLE `course` DISABLE KEYS */;
INSERT INTO `course` VALUES ('2fb871b1-7864-4a79-9f4f-f6d439f43008','Khóa học PHP ','Dành cho những bạn muốn bổ sung kiến thức trở thành full stack','2024-03-22 16:11:09','2024-03-22 16:11:09',1,0,'2024-03-22 16:12:17',NULL,3000000,'data:image/jpeg;base64,/9j/4AAQSkZJRgABAQAAAQABAAD/2wCEAAkGBw8SEhAPERIWEhUSEBgXFhYSEhsWFRMVGREaGxcZExYYHCggGBopHRcVITEhJSorLi4uFx8zOzMwNygtLisBCgoKDg0OGxAQGjIlICY3LTEtLS0vLS01LS0uLi0tLS0tLS0tLS0tLS0tLSstLS0tLS0tLS8tLS0tLS0tLS0tLf/AABEIAKgBLAMBIgACEQEDEQH/xAAbAAEAAgMBAQAAAAAAAAAAAAAAAgUDBAYBB//EAEQQAAECAwUEBQYNBAEFAAAAAAEAAgMREgQhMVGRBRNBYRQicbHRBjJSU4GTFiM0QlRydKGiwdLh8Aczs8JiFSSSsvH/xAAZAQEBAQEBAQAAAAAAAAAAAAAAAQIDBAX/xAAkEQEAAgIBBAICAwAAAAAAAAAAARECElEDEyExFEFCgSIyof/aAAwDAQACEQMRAD8Aq3RDM3nHNeVnM6qKL6lPMlWczqlZzOqiiUJVnM6pWczqoolCVZzOqVnM6qKJQlWczqlZzOqiiUJVnM6pWczqoolCVZzOqVnM6qKJQlWczqlZzOqiiUJVnM6pWczqoolCVZzOqVnM6qKJQlWczqlZzOqkYR5Ty4/zksaUJVnM6pWczqoolCVZzOqVnM6qKJQlWczqlZzOqiiUJVnM6pWczqoolCVZzOqVnM6qKJQlWczqlZzOqiiUJVnM6pWczqoolCVZzOqzQY8heTitdEmIksREVQREQEREBERAREQEXoBNwv7Fb2TZDS0F5MyJyF0v3QU68mu18ltnWNkSm0Qt9vHBrXOwZO4dTiZyv4L6PA2VZmQ9y2CwQ5SLaQQfrTx9q49TraTVN44W+CIuq8q/I2NZt5HZS6BWZBpJdDaXdWoEYXgTBK5VdMcoyi4ZmKFZusMFlnhxoj37yMHmGxjAWgMeWTiOLp3kHAHBaNl3dbd7UWT627lXL/jVdPtVt5Tln/bGD8nMD4kSNQG8dvN5Mmb66pkXYSSZ8xBCkVnZLBBiwYrmveI0KEYjmuYN25oeAaHB05ycDeM1WK58lf7sQuluhZ4m/mCZwZCoNlfVOmXOSZerIVxtN3HjdwmeP5yWus9uMHeO3AeId1IikF+AnVTdjP2SXuz4AiRGQySA43kXmUp3aK34sa6LPbYTWPpaSQWMcKpTk+E18jL60vYsCIIiKgiIgIiICIiAiIgIiICIiAiIgIiICIiAiIgIiILbYFM3+ldLs4y+5XK5AHis9bqZ1GcifOOAl+/3IOpByXXbM8srG2Exse0ARAJO6rjeCQJkNkTKS4kbAAtMezPjPcIdjdGBaaZuENrgCDO69c/AbDnDrJa0uFRaJkDiZcexcsscepDcTOL6L5XeWdjfZosGA/evitLLmOAaDcSS4DhOUuK+ZK58r3Wc2qK6zEOYZeY0BgNIBDJYi7HMntNQ1vsH8wV6WMY4+Eym5RVk7aEJ0CHAiQiXwg8Q4jYlIAe8uk9haapEnAjFaBfkBohichp2+P3BbmLRBWVl2hChwYjGQjvYsMw3RHROqGF4Jph04ya0TJVeYnIadvj9wXu85DRJixBXOyLe526sxqA6zZsjRGecXOva1waTMyvGSqd5yGiV8hp2eH3lJiyFrbbe+G02aTv7ENpqixDSTDY5wDC6kEG7C5U6k5oxGHd2qKRFAsrIF1TnBoOE5knsA4c1iW7aLJEIhkNP9sCQxEieGMjiqjWiwi2RmCDgRgfA8ljWxFbSwMPnF9UvREpX5E5clroCIiAiIgIiICIiAiIgIiICIiAiIgIiICIiApw3CYDgS2YqAMiRxAMrjzUEQd5C2hAtFstMWAH0/wDTIgJfxcIbRICV0gJczPguHdFJEtfZy4Lc2Ntq0WUvdBdTWwtM7xyMvSGIPitICc3OPtN5J/PtWMcdZambeNbxNw/mCOdPkMlV2nyisjXOY6IAWmRAa4gHKYF6x/CWxet/A/8ASm+PJrK2RVPwlsXrfwP/AEp8JbF638D/ANKdzHk1nh0DAQG0kNJAJPEzJuHK5eWgTBJxBF8pEgzucM7lSN8qbFIB0ScsCGvBHtpNyRPKqxG4RJCc/NeSTmTTencx5NZ4WSKp+Eti9b+B/wClPhLYvW/gf+lO5jyazwt2ul4Zr1zeIw7u1U3wlsXrfwP/AEq1s1oa5oe0hzXCfIj8vyVjKJ9SlTDZskZrDUW1EDq5A5lY40VziXOMyf5cvHN4i8H+eGqitIIiICIiAiIgIiICIiAiIgIiICIiAiIgIi9Y2ZAHEyvMhfmTcEHiK/ibBEAnfkvcIddENrg2VTQKYpADz1sGzHNZIey7MROh9zYc5vkTvN1jdcRvDosbw1TnEV8dhtfFFnhupfumEXOiVucxpNe7BMIX4kSlkqa12d0N74bpVMdI0uDhPkRcVYyiUpjavYhv7MOxeNxHavX4ntPetIxeQFnhuZbC5jXHpr73NB4DNdV0GD6qH7tvgua/p35ls+2v7gutXPpx/GGsvbX6DB9VD923wToMH1UP3bfBbUOG51zQXHkJ9ylEgPbe5rmjm0jvW/CNPoMH1UP3bfBOgwfVQ/dt8FfwtizsptNRJnIMDZz69PjoqvdOnTSZ5SM9FInGfR5anQYPqofu2+CdBg+qh+7b4LddZ4gEyxwGZaQO5YlagVe2bHBFntBENgIgRMGN9WeS5Lyc+TQPqf7Fdptv5Nafs8T/ABlcX5OfJoH1P9isfn+l+lrC4jMH7gVBThY+w9x5FQXRkRZYNne/zRORAN4ABIJEycLmu0UxYYvoH2yHAHXrNu5gYqWrXRbIsEb0DqM5DjxNwzNwmoRrLEaJubIHs44dx0ORS4GFERVBERAREQEREBERAREQEREBERBv7LjWokQoFb+IhtbW0TN5oILRgL5cFtMtFsBh1RGtrhveC5jT1IZdMvkwkyMEymCeqJLW2dtiJBY+DJr4UQzfDeLnGUp1NIcD2FexdpNdEY6ghjLPuQ0OvA3JYSHEG+pznYcViY8+mm3FslpLXTjslTS8tLhUxgiyMQsZ8Y2UB8p1HDCa04mxowdu2jePDXOLIQc5zWtiFhJFN4mDhP2LZ/6xBpLBBc1pDmyEUXMO/pDZsxHSMTPzOaRtugvZF3VTmVloiPLobHOil4c1rabxUReSDIGSkbHhTtx9v5r1+J7T3rPbbbFjxDGiuqe4iZkBOVwuAlgAsETE9p71tD+nfmWz7a/uC61cl/TvzLZ9tf3BdasdP+sLl7dR5Esl0iMR5rQB95PcFYbCtkeKyM61NlDDfnMpmJGrtEpKp2TtaHAssRrX/HOeSBSTLAYylgJqtt22rTGbQ9828QAAD2yF65T05yylqMoiIdDtG2xLLZbK2Fc5wE5ifzZu+9wVvEh1R7PUBUyE9xIzk1v+x0XCW3akaKWOiOBMPzeqABeOA7ArvZHlAPjosd/xlAawBhvAqPzRK8kYrOXSmIv78/6sZRay2Tb7VEtEVrm/EgukSyXzpNkeNy47adG+i0Sp3jpSwlVw5LatPlBantLHRJAi+loE/aBNVi7dPpzjNs5ZW0tt/JrT9nif4yuL8nPk0D6n+xXabb+TWn7PE/xlcX5OfJoH1P8AYrX5/pPpawsfYf8A1KgpwsfYe4rJY4bHOAeZNkeNPD0iDLRbRaWGAGNBIe13zgWEioF8gRQRTQ6/IGd5uWZgAmfjcRObCTIRcRNmNIYZm8SmL5gYelsdIGJIE3kBolUIbn3U3AurJGYGRn7vYUqTFudje11JIpdLqcGXT+dWSMFyaZrPMBoNYMhcWHENEgSIZ6oiF0jiCRLGaqdoR5ndgktaGiTgA4FrZEG4G4l13CZW/aLWyRdvJuLHTHVIJI6zXSbeOoxs/nA3SkVTRYhcS43lxJPaStYwkooiLbIiIgIiICIiAiIgIiICIiAiIgIiICIiD1uI7V6/E9p7141exBee096B/TvzLZ9tf3Bdavk4ZGhui7q0RYYfFc4hjpCZONyl0i1/TLR7wry49eMYqnWcLfVkXynpFr+mWj3hTpFr+mWj3hV+Tjwnbl9WRfKekWv6ZaPeFOkWv6ZaPeFPk48Hbl9WRfKekWv6ZaPeFOkWv6ZaPeFPk48Hbl9J238ntP2eJ/jK53+ndlgRGWVsaKIYmyQMNz96TFlR1fNnmc1y0SJanAtda45DgQQYhkQReCr7YsPdwYTWk9UXHA+cb7uKuOfcy8cE46w6Lb9kgQrREbBih43kUFohuZupOIDJuIqymMlULIxxLi4kkmZJJvvBvJnmfvWNd4ioYFNrJicwNfyCyQGcZ4fh59qylucr77xjzdn2/mqjUe2RljcPvE14vXumZ4f/ABeICIiAiIgIiICIiAiIgIiICIiAiIgIiINl8Bl8ndhLhInn6MxPFYtw7/j/AObfFewbw5ubZjtbf3VLEgy9Hf6JPZf3KIM7jdLAnhyPLuXkJky0ZkDUpFdNzjm4nUoNeJY4czNgnO/tUehQvQC2wZyB9h/I8v3USJXFZ0x4W5a3QoXoBRiWSGB5gWeNCDmuYcHCRkZGXaFW/B+z5P8Aev8AFYzwuKxiGoy5Zuis9EKcOyw5yLQtb4P2fJ/vXeKfB+z5P967xXDHoZRN+G5ziW90KF6AXnQoXoBeWKww4VQZPrY1OLsMpm5bK9MYR9w53PLX6FC9ALPDZg0DsC9AncL1MmVw9p/IclqMYj1CXI4jAa5/soKcGE5xpaJmRPsAvJyHNZH2OIAXECQxk9plMgXgHMge1LEnPx6wuHV44YYDSeE1gc+d0pZy4lRRVBERAREQEREBERAREQEREBERAREQEREBERBKE+RByOqsHxy0TqdIUgdVt4LeBlfKSrUQWVojkAzLjwEwADMYgjEftmq1EQFNpncceB/I/wA4qCsWbOYYO8rdXuXRA3dimlsfdyL65z4+apM0quIRS3jszr/Mzqm9d6R17fE6lVEUU947M6n+cTqs9mgxHkAOlOcqnSnLIYoNVFPeO9I69ngNF4IrvSOp5eA0CD03XcePLl/OSgiILc2Pqw4bXAb1jXkBj3PidUOkaWmTRlymeEs9qivdCtbnOLgXzbN9UmmMyUrzLhcsvSCYTWMjMh1QGMeamVloYJtmXgtbPESE6clhtkb4mK10VryQ0ClzOERhlIOJPE+xcm1EiIurAiIgIiICIiAiIgIiICIiAiIgIiICIiAiIgIiICIiCw2REgt3u9oBLRQYkMxGg1ifVbymrME1NcIkHd9Ecf7DqN30mTgYeJNd81zi32bTlC3O7bPdmHXN1QYYu8IlVT53GSxOLUSntaLBLYYh0Fwc+ow4ToYpIZQCHYmYffzVaiLURSNiyWt0OqQBqEr16y0TudIYSO7absiJLWRVG1bIo8xpDmgzBDQ0kkDILVREBERAREQEREBERAREQEREBERAREQTdDMzcccl5QcjoiLnu1RQcjolByOiIm5RQcjolByOiIm5RQcjolByOiIm5RQcjolByOiIm5RQcjolByOiIm5RQcjolByOiIm5RQcjolByOiIm5RQcjolByOiIm5RQcjolByOiIm5RQcjolByOiIm5RQcjolByOiIm5RQcjolByOiIm5RQcjolByOiIm5RQcjolByOiIm5RQcjolByOiIm5RQcjolByOiIm5RQcjolByOiIm5RQcjossGBMXg4oik5ysQ//9k=','1 năm','https://w.ladicdn.com/s400x400/5cda673930dba94fe2f576ab/7-java-20230906095025-9n9hx.jpg'),('483e89e7-32ba-4b57-9126-1f314e87e0ac','Khóa học C#','Khóa học dành cho sinh viên ,Khóa học dành cho sinh viên ','2024-03-22 11:17:11','2024-03-22 11:17:11',1,0,'2024-03-22 11:21:13',NULL,20000000,'data:image/jpeg;base64,/9j/4AAQSkZJRgABAQAAAQABAAD/2wCEAAkGBw8QEBAQEBAQEA8PDQ8QEBUQFRYQDxUWFRUWFhUVFRUYHiggGBomGxUVITEhJik3Li8uFyAzODMsNygtLisBCgoKDg0OGhAQGi0fICYtLS0tLS8tLS0tLSstLS0tLS0tLS0tLS0tKy0tLS0tLS0tLS0tLS8tLS0tLS0tLS0tLf/AABEIAI0BZgMBEQACEQEDEQH/xAAcAAACAgMBAQAAAAAAAAAAAAAAAQIDBAUGBwj/xABIEAACAQMCAwUEBgcFBQkBAAABAgMABBESIQUTMQYiQVFhFDJxkQcjUoGSoUJTYoKx0dMVM3JzwRYkQ5OyY3R2g4Si4fDxJv/EABoBAAMBAQEBAAAAAAAAAAAAAAABAgQDBQb/xAA3EQACAgEDAgIIBQMEAwEAAAAAAQIRAwQSITFBIlEFE2FxgZGx0RQyUqHwQsHhBiMz8UNichX/2gAMAwEAAhEDEQA/APNJBXsM8aJCkUMUCJCkBJRQImAKAJhR5UhE1QeQpAXIoHSkItWkBYq+lOgpliqPSimG1kwg8qRLTJaF8hQINA8hQBFkXyFAyp1XyFAyh1XyFMZSxoGUOBQUVMBRYytqLGQNFlURJosdCzRY6Qs0rY6RHUaLZW1CJpWNJCzSKSEaRSFSKEaB0I0hpCxSKFikMMUALFABigBYoAKYCoAKACgAoAKANrJ1razyYkKkoYoEMUATFIRMGgCYNIRfBEzEKoJLEAADJJPQAeJoUWy445S6HS2/ZYpvdzLbbZ5eOddHxH1SnCfvstXDG5/lV+3ovn9rN2L0fKZmothF7ls0pHRruQ4/5UOkD4FjWhaR/wBUq9y/u/sb4aDHH8zLP7a0n6uOzi/y7aEn8Tqx/Oq/D4V1bfxf9jqsWniT/wBpZ/1qffDAR8tFHqNP5fu/uFacQ4wG9+Cylz1LW8cbfii0Gh6bE+kmvj97E8GnkRaPh8vWGa2ONmgfnx58zHL3sfB65y0k/wClp+/j919jhk9Gwl+Uxbrs3LpL2zpdxqMnk55yjzeBu+PiAR61mlBxdSVe/p8+h52bQTgc/LMdhgDSMbAAncnc+J36nwAHhUtNdTHKDjwzHeakKjI4fwu5uVmeCIyLbRc2YgqNKb77kZ907DJ2NJyS6nSOOUuiNY0lMVFTPQOiBNMZAmgZE0DImgoVIYqBipFCNAyNIoVIYUihGgoVIYqQwoAKQxUAGKAEaYCoAVAgoAKdBYUUFhRQWbaTrWxnkxIVJQ6ACgBikxE1oA3fAuAyXJJyqRRgNLI5xHGpOAWI6knYKNyegq1Hz+C7v+eZtwaRz5Z0R4lDaKUtNUeRh52x7TJ54I/uV/ZXfzY1pWGMecnPs7L7/H5HrLHiwK5HP3HFfs48aU9T5GTN6RfSJhvesfGs0ssmefPU5JdyvnnzrnuZxc5PuPnHzpWxbpeZZFI7Z05OOvkPUnoB6mnva7lRnPszIjuyvWRB5gEufmoKn510jnkjRj1WSHczrTjCKysJJFdTlWVdLA+YIbIrRHU7lUkehi9IJ8SRvXmtb8YuWRZj7tzGNL/+oTAEg/aHe2/SqZYeLxrjy+3l9PcdcmDHmVwOS4/wWe0fRIBgjUjodcUi+DxuNmX/AOnFZ3G1cf8AK955WXTOHKNVFeyoHCSSIJEKSBGZQ6nqrgHvL6HaudHBWuhjl6AoWqmFCzQMWaAFQBE0FBQMVIYqRQjQMRpFCoGKkMVIoVAwpDFQMKVBYs0UAs0AFMQUALFABigBYpgGKADFAG7ih1sRqVe6zZc6RsM4z5nwrao7nR5DltV1fuKKg6BQIKQEloGb3s3wRrh8EhEVS8jtnTGi+85x16gAeJIHjXWMdq3P4LzZ6Gl0t+KRteO8bQKsEAMdvETy1ONTE7GWUj3pD8gNht17WsXL5k+v2Xs+vVm/NqI4FS6nMztI2XKvo+1g6ceeaySybmeNkyTnyzHDdN8VBxDXSAzr6OBUhMUhd2VjKD0U7Yx8cnb0qIuW52uOxs1WHBCMHinubXPs/nkUDSoy+5IBVBtkeBY+A9Op9AQSzLS7lct0zbE90dFGyD4D/XrToHyVGSgKImSgKMvhlyOYA8ohTDEuwZwCFJAwoJ3IA++ukMsodDRhzSxvg6rs/wBoIpIzbXS8y2c5IwC8TH/iReTeYHUfOtTrL4o8S+vsf84PWhljnXtNN2o7ONbOShDxlRIhXdWjPuyIfFfzByD0yc8o2rX8fkYdRptviiaS+miYpyoTCFhjVwXMuuQDvyZIGnUf0egrikzHJp9DM4DwGe9aZYOXmC2e4fmOE7iYzjzO/wAPMilKSj1HCDl0NWKuiANACp0AqKGFIYqRQqQxUFIRpDFSKFQNCNIYqQwoHYqQBQMRooLFToVhQAUAFABQKxUBYUAFMDbvWtnlojSKFQAUgMvh9sXb0HWuuKG5mvSYHkkdXxy8Wzt1tI9nbTLckdS2MxxfBAcn9pj9kV03q9/wXu7v4/T3nqZs0cUePh9/j9DjJ3JJycnJGxBHzGxrLJ2eJOTk7ZmsuZJGyQyysoIJBAGwAx022q8WNSjyc8k3GXBF5H8WLf5gEny1A4oeCPYFlfcqeUeMcZ2GfeX8lIA+Vc3ia7nRST7EA0RIB1x5I7xIkA9SoUHHwPzqHGRSSZDEZ6Sgf5ilT92nVS58h7ULkMejI3lh1BPwUkN92KVhsZCWGRRlkdR5spA+ZotBtaKdVMKJxwu3QE1Sg30OkcUpdEZ9rw+QEEkL8T/Ku8MMlyasWlyRd3R23CJxNCtpI4Zg+u2bxSRveQZ/RfbI6ZwfOtO1Xu+ftX+PoerCKkufj/PYaa+4LbqdRZ0yxDLoBCsOo97IHXH3jwqZYUmZcujxxfJingCuPqnSUjfSMiT7kI3/AHc1Pq0cXpIvoaq4scVzlioy5NPtMJlxXJoyNULFIQIhYgDqSAPidqTKXJ0952A4hD7QZFhVbXk8xjINBMvuKhx3mJKjH7Q865LNFnf1MkQv+wXEIRdl1i/3KKOSfS+o6ZASukY7x7p2pLLF17Q9UzJ7QdgrmzsI7l4pOarE3g5kTJCrHEQ5ajVk5GWzgeWNwo5VKVFvFUTV8c7I3tlbwXVwiLFclBHpbU2WQyAMPA6QflVRmpOkS4NKyHDeyl3cW63MQjML3sVmpZ9Lc2RkRRjHu5dd6Tmk6KjBtWbK0+jXikrzoscINvKIWLyhUaQqH0RnHeOGXyG/XrUvLEpY2Y/Bvo/4ndiYxwpHyJ3t257iItKnvRp11EefT160PJFAoM1fCezt1dXZsY0C3QaVWSVtAVos6wTvuMGm5JK2CXNGT2U7OG8vzZsJCUFxrELIjZiBGA7gqo16QWwdj0NKUqjY0uTYj6Pbue7v7e0A02Myq3tLpHIFkBaPUVypOBuRt47ZwJ9Ykk2PbyaW67MXkV6nD5YxHdSPGqBmXQdfuMHGRpPn6HxGKrcmrFXNG/m+iji6vGhS31SsVTEwPRWc526YU1HrYlbSzhv0ZXgu47e6ibRPb3DxSWs0RXVGBjJYEEAsuV7pIJIPdIoeRVaDaamDsDxF0sXCRaeJY9nPM2yYzKA+3d7qsfup+siG1lkX0ecSYwALDm5urq1j+s/4lvzuZnbYfUSYPjt50vWxDYzU8O7OXdxeGxhjD3KyyxsAwCLymKuxc7BRjr47Y3IFW5JKyad0Z/Eew3EILq2tHjjaW8z7M0cgaGTAy2H8MbZz5jzpLJFqw2M0/FOFzW3JEoUe0W0dzFpYODG5YK23TOk7VUWn0JaaMKqoVhRQWFAWblhWs8xEcUhk5Vj0ppLFyDzAQAo320nx2puqVdRRcrd9O3+SoCpOi5Ol4QohUSEZx3t/TcVthCoM9/T4ljwt+aNDxG6aV2djkkkknxJ6msc5Xwjx8+XfIxD/AKVzORtohlpv89/41o0/5TjqOJm57N9lLriLlYFARCOZI+REvpnqW9B+Q3qc+aOLr18i8GGWTp0O5i+hhNPfvmL4PuwgIPuL5PzrA9a30RuWkiu5xfbP6ObzhyGbK3NsPekjBVk9ZIyTpHqCR542rrj1EZ8dGRPC48rk4WRK6tEJmy7QdnzaWthcmXWb+CablhdPLVCoXvajq1Bs9BjHjWdStteRp2UkW9qeDPwu99lFyZHWOFndV5WkyDUUI1HOBjx3z0qcct3UpwimO69nidsDVk6gB0AYagPkRW5erivM6f7OP2sx34oeigAUnn8iZax9IoA0jxPKZoxodV5ZbEzav0kXxA8TU+skzNLUTb6ldrdurA5PWnCbTFDPKErs7/iLC8giulxquAYZ8fo3MYHe8hrBRv3nrRj/ACuHlyv/AJf26fI9iL9dipdvocdBcMjdSCDkHoRjoQaSk06POhllGVM3fFsOI5cbzwh38BrDvGxx6lNX7xroulG+fijZy10N6yz6njZepRUHMttP7yP/ADE/6hUvoXHqj3v6T4hPayLCWD2nEbGe6VR76tpUE+YAKt/5XpWDE6fPkzfPoZnaO6hA4uOWI3igsWmlLkh1JYrlTsoUBvjmpinwN9zE7VcPeRONoQUW7XhsETsMKzPiPCk7MdTgbeJpxdUD7mB9KloJeG8QCvDJ7He2c0aRtqkiXlxRMJF/QOGkbH2SDVYXUkTNeFmr+jOeJODxGWHnBu0VqiDUY9LtJbqkmR10sQ2nocYqsq8fwFj/ACnW3cTSuojUyGHtLG0ugFtAEQJLY90YZTk/aFcfsdDV8VtZ7uDRZS6Jo+08+ZUQTiAqJdTOvTAyBv8AaFUqT58hHE/R/HIvaZ1lmFxKkt8skoUIJHVGDNpGw3B2rrk/4yI/mM/sV2fube645cTAWbiyuhbyXX1UI9olkKSs3goMQ38s1M5JxiUlyzreL28EMvaGeZGltrnhfDriVY2061C3MTBW8MrEPn61z6pIo8V+kHtP/al21zyuSggSGNCdbaU1HLHzJY/Dbr1rTCG1Uc3K2ewRD/8ApOGf+HB/1SVn/wDG/eX3NpwBkeXhMkKmC3MHEwIM8wBuYuX5h3O4b8VS+4yHY6eNrbgNu4Go8MF3Cx8HgSKMgepS4f7gaJdWBLgc0Sjh6vDzHk47xxYX1leUwl4gxfSPfyoZcH7WfCpGcF9FzAdpb8EgFjxMLnxPtKnA+4E/dWjJ/wAaIX5mbTsjw+6sn4bLf34CxcHvZY7eW0+st40SEyAsO8pUiM5IydBUe8a5tpqkijk/pmula8ggEscptbOKNwkHs+hmRGwfAgjSwA2XUR512wrhs5ZGcBiu5yCgAxRQG4NaTzicrqVQBNLKDqbJOrJ2OPDA2ptqlSJimm23/gpIqSy6yj1Oo9auCtmnSw3ZEjccYl0RhR8K05nUaPY109mNRRzrH55NYDwitqRSN1aglp8DJ9ofA+/pWjT/AJGzhqV46PoR+VwfhhKqGFtCCfDmSsQMk/tOw38M+leP4s+X3s9bw4cfsR4re9tOKSS803kyNnIWNjHEPICMbEfHJ8816v4XElVHm/isjd2d9wL6UrR7UR8RDGfDRy6Ytcci9NRA2GQcEdM52wRWDJpJqXg6G7HqouPi6nlkEHCvargTyXi2I5htmtwvPxqGhXEgOwXIJ6kgVpfrNqpc9znF497vp2PQu03DeDNecKsJ5OI82C2sbe3SMRGMhmwhmJXOo4GrG2BtWKLntlJGp7bSZxf0uzcPlvriS3e5a89qMV0JAgtxykEX1RA1ZygG586vFGVc9BTas5G4ORG3i0K5/dJjH5IK7IzSKxVEEqpEsmKZLO/7N8fku43spEiXl2Ia25SaWMlqC4J33Yxc4bY+FdMbUJKXtp+58fWj0NDl2zpmi41a/XEqMhmyoA66t1wPgRWicKaOuqw1NNGdxxhHpi2/3eJYTjprGWkx++z/ACpp1GztleyFHKytk1lbs8aTtldIQA43GxHTHWkUjNbjN4TIxu7otKqrKTPKTIq50q51d8DJwD0yajbHyOm+XmRm4vdvzA91dOJlCy65pG5gGcCTLd8DJwD0zRtXkPfLzFJxi7ZY0a6uSkLK0SmaQrGy+6yDV3SPAjp4Utq8hqT8ytuKXJ5oNzcEXGOfmWQiXAwObv8AWbbd7NLavIe5kIeI3CII0nnSMSrKESV0jEikFZAoOA4IBDdRgeVDS8hptGx4R2lnga4d3uZnuYypYXdxA4fGFlZo2zKQNsNtUygn/wBFKTNdY8UuoAwgubiESe/yZXiDeraSMn402k+qBNootLqWFxJDLJDIMgPE7RyDOxwykHehpPqC4Njb9o7kuDdTXV5Aw0zQS3VwqSrhsK7K2cAtq/8A01Lgu3BSk+5Teceu5OYvtN0sMmU5RuJpIxFklITqbvooYgZ9fOhRS7A5M1ZFUSZv9s3nMWb2u650cfLSTnSc1U+wr6shdzsDjep2rpQ9zHDxy9QIEvLtBHr0BJ5VC6zl9OG2yTk460bV5BuZFOL3amIrdXKm3VkgImkBiVhhliw3cBAAIGNhRtXkLcxrxu9GjF3dDlyPJHieUaHfVrde93WbW+SNzqbPU0bI+Qb2Y0d1KsnOWWRZtZfmK7CXUcktrB1ajk75zvV12J3O7L5+LXUjtJJc3DyPE0Lu8rs7Rt1jZiclDn3enpS2ryDezHubiSV2kld5ZGxqeRi7tgADLMcnYAfdVJV0E3fUrxQTYYphY8UBZt67nniIoGRoA33ZHh/OmA9a0YIpXJ9j0/Rcd2ajddvuzslvoLLgMMinLJDPByh26lel88fWKMXwzgXrEzz0VufLy/03pFo31gSHnI6i4Yj4g7Vp0yuDRn1TrIn/ADqfQfG7deKcMdYSP95gSSLJ21KVdVY+HeUA+W9eNjbw5U32Z600suNpd0eAX1lJFIYZI3SUHToYEPn0Hj6Y617ilGS3J8HjOEova1ydxwL6JpriBJp5zau+SImi1uq/olu+ME9cY2yM75A8/LrEpVFWjfj0jcbk6ZyPDOA2M91LbScQ5SC4jgt2Fu83tOpymV0NiMbLgk9HHka6TnNQUtvb5Cxxg51u93tPQ34ZY3HaMTf2jquYpQfZfZpcLyYMEe0Z0bEFs46nFYrksNVx5myoufXk8l7ZRWhuGmtb320XMs88h5Eltyy76gv1h7+dR3HlWiCltpqjlkau0zUneKM/ZklX7sIwHzLH5011Il0KwaogkDTJZIGmTRt+y1/7Pe2s2cLHcxF/8BYBx96lh99DVxaLxOpI7e8sxbPLId2t5Xgt8+LxdwyfBCPvbHka3p+sgn8X8fufRNboqTOF4ldZOAa4ZJ3weNqcu50jX5riY6CkOgpFCpDLbSJXkRGcRozgO5xhV/SbfqQMnHidhuaTdIpI3d1wuzZTPHIFhkcgYlUCDEY1allHMlw+cKO8VZfEjPNSl0Z22R6lx4JZI0sckyxst00KmSeKRgihxzcRkAZOO42cFOu9LdLsh7Ymvi4ZbkEu+juyll9qtmMelCyd4DEutsLhQCuN85GW5P8AiYlFF95w2xZmMUoVNVyP7+NuWEkmEbNq3lDgRgBMEDBOdQJlOXdFOKMdbWySZsvzIBBdEB3DtrR3WP8Au2j1agqsFyM6upFO5UHCZKTh1jI5MUrRxtkgvJGTFmJZEBi9+XLPytKksGjYknIALkuqCkXXXALaJV5jyRyO8irG09vnuCbcuFwMtEqb+6ZN84wZU2/4x7UVPwvh6simd+9FC7ETwMiM7wo8ZZUIYqJJGJz0iOw3Ie6XkFIhb8OsC0YM5HeTWXlj5WALdnyAAQDzZVHeyOSdzvhXLyCkXcP4BbTuVjeRlW/FqcTQhtBbAuQxXBU+EYGTg4Y4NDk0G1Gt4bw+2kgM0lysTpq1RErzJAuG+qyR1XIGQe8MeNU206SJUUZ3FbThwQCFsSZvu8s6yJ9UZTFlSCcOFRVAOe+Dlj1S3Xz7BtIps7S2b2cMLcQvyOfK1wY7hWaRRKOXq2AGof3Z7o1avJtvn7BSNfxuOBbiVbfHJUqqYYyKcKoYh2ALAsGIOPHbbFXG65Oc6vgwsVRzHigAxToB4ooQYooDcQuFZWKhwrAlWzpOPA48K7p07MEk2mk69plW0cb62McvddXblYKpFnvdfHcAV0ioyttHKcpRpJry57y7f3soNrlJJFZQiOFAYgSEHOMDx9anZacl0L9ZUlFrlr4fzyNn2T4qbeYMBk5rrgaacH3N2m1KwT3vobrt12wkvCquNIQYA6depperx6aLhHv1OGoms+VSj0XQ4J2rI2WkVMaRaOg4b71x/wB4f+JrVpPysy6z86Oy7I9sp+Hkpp51szZMZOkqT1aNvD1HQ+m5qNTpI5eVwx6bVyxeF8o72P6TuGldTc9G+y0eW+akj86856HMn0/c9Fa7C11/Y47tn9JUl1G0FojwROCsjuRzmB6qApIQeZySfStGHQ7Xc+fYZ8ut3KoHDcAuore7tp5ldooJ45WEYBc6DqXSCQPeA8a0ZoOUGkccM1GSbNlwbtPFBxG9vnSVvaI77kBQpZZJnzHry2ygZBwT99Z8mFvGor2GmGaKm5HEvHgY8q6MlMlAhZHRd2MkLAdPFk6/4pF+dc2vEkdL8LZQRg4PUHBoJL7e6KCQAKRImhtShiBkHKnwO3WqUqsmUbr2FYNIKN92c4MJjzZiUtUbDke85xnlp643J6KNz4A9IJ9jVp8Dm9z6HV9q7tpJJWYnJEbAeQdFcAfi/Ot0KWGontza9TSPPXO5+Jrz2+T5yS5I5pCoKQ6CgqhUDoKRVCz8qQ6AmgdEaQ6FigdBSCiJFAUSlkZjlmZjgDLEscDoMnwoAhigQsUANHZc6WZcqVOklcqeqnHUHyoAjimIMUyQxQIMUxBTJHimAYoEPFABigDZZrqYgDkZwSMjBxtkeRouh0ZNnFCyymSQoypmMYzqPl6VcFFp2znklkUoqMbTfPsRVw+9MMiyKASpBGdxSx5NkrKzYllg4PuHFr5riRpWABY5OBgfKllm5ux6fDHDBQXYwAwzuCR4gHB+eD/CuJpSJW1q0h26eJqoQcmacOGWR8G8mvILd3BJ77GQEDOQxyDWjHkhjVM5a/T7nHZ26lR47b/aPyq3qcZg/B5fIrbjVv8AaPyNT+Ixj/CZfIqbi9uf0/yNL18ClpcvkUvxKD7f5GoeaBa0+TyKm4hDv3huMbipeSJ0WHIuxS93Ef0hUOUS1jn5Fa3EffGod+Mrt5gqw+ZUD765y56HWMWrtFaqcEgHA6nGw+NCT6ksYpBRveC8FDqLi4JjtgTpxtJMR1WLPh5udh6nausINmnBp9/il0MnjHGcphAqLoaOBE9yOPJ1lfHc5Go7sdeelXKaT2xO2bOktsDoO04xJIPKGzB+ItYQfzzXfTv/AGPn9Wbsf/AcE53PxNYm+TxZLkjmkKh0DoVA6HSsqhUDoKQ6ClY6FQFBQOhGkFCoCgoChYoELFMQYpiFigQYpiDFMkMUxMMUyWGKYh0CHQAUAZzGrZlSIaqmyqIlqLHRZbDLAGqgrZM+EdVd9nkW1E+td/DxrfLDCmu6V+w8nHr3LUPFRy8FiXY+CjqawrHbPpdNgeTl9C29u1QaEwMD508mRRW2Jry5VFbIG77DcQiZWt2VBKCzoxAy4O5yfEj+HwNc8ck+GYJp9To3GDgqv4V/lXWjmVmVR10fhX+VAcjEinpo/Cv8qALI8Z6L+Ff5UgM2HH2V/Cv8qhoZnQgfZX8K/wAqhlGakaMMMkbKdiGRWUjyII3qGh2a+fslbHvWwS2k+wRm2b7uqfdkeladPqni8LVr9zhnwet70zz+bs2tgxkv07zM5ggBzGQGOGeRdiv7CnJ2zp8ecVGVy6I9PT4Y7VKbs1vEuKPOeZISI/dUDC6guwSMDZUHTIGB6nYqeX+mI8uZy4XCNYiPcSKgxrlZY0A2UFsKqgeQ2Fc4umZ0rZ3PbS4BmvCOguZEX/Ch0L+Sit0PBp0vZ9T2J+HAcGTWFs8igzSCgosdDosdBSsdBRZVBSsdBRYUZUdnlVYyRprBZQwlZiAxXPcRgBqVhufChJvomw6D9iX9fF+G4/o1Wyf6X8gtB7Cv6+L8Fx/Ro2T/AEv5BaF7Cv6+L8Fx/Ro2T/S/kLgXsI/Xw/guf6NGyf6X8gteYewj9fD+C5/o0bJ/pfyFaD2Efr4fwXP9Gnsn+l/IVoXsI/Xxfguf6NGyf6WK15j/ALPH66L8Fz/Rp7J/pZLlHzRVeWbRaMkMJE1qVDgEamQ7OqnOUPh5edKmuqoVp9HZRimKgxTEGKZIYpk0LFAh0AGKAMqQ05MzxRXmpsuiJNKx0CyEHNClQONm1sriWbEeTp8c9AB1J9K1RzTmtt8FafQqc7ofE7tUXQnQfM+ppZZ7VSPVyzWOOyJz7sTvWJsxFlmxVuaCy8rDArs2rogBO2c/kG64pW10KSXc9K4JxJbyASAYkU6JB4BsZ29D1H/wa1wkpIzyjtY5bVW8xVCTIR2YXoTQDkZkaHyNAjOgibyqWMzokx1ZR+Z/KubGZkRX7RPwH86ljM+15beLZ8jgVDQy28tIJYzDLGksTdVkGtduhweh9RSoaddDzTtX9HLamlsnL/8AYynBAHRYnO2PAK2MefhRtaLU0+pouxHDnS/Vpo2X2EPdyK4KsOQNaDB85OWP3qqMXJUu/Hz/AMGrBj3Mo7Q3P6Ock7k+JPia2auaXhRs1kuNqOfrBZ51DosdDpWVQ6LHQ6LHQUrHQ6LHQE0WFG+Eek6NvqkjhwPBlXMo/wCa0te56KhWNz83+yMWpfiSOph7OQtYrOHc3D2l1cKEdGQ8mVUCaMaskOATnZhj0rxcnp/Uw9Ky0zS9UsmPG7jJPx43Lduvbw06W3mPPtKWni8W7vTfyZtuI9konueUuYweHSvHgKga4jmEZ1DG6Euv3EYwMV5Gl/1TqIaP10ql/vRUrbdYZY9/HP5opO+vKdpuzrPTRc9q44/dOjE4j2VgijuSvPdkF40ZDxgItuE99TgsCWOSNwMYFbNJ/qXVZsuBS2RjJYdy2z8Ty7vytWo1SpSVN3ckTPTRjGXXv5djDsuBW/8AZ/t8vPYIZFdImUEnmoiEZU4ABYn7ulb9V6a1S9L/AP5uHYm1FqUk3/TNyTpq22o17L6nOOGPqvWO/h7x8Z4PAl7Z2iOzLI0SuwCL3JZcRgYXd9ByWOclh0Gwj0b6W1mT0ZqddkiouKk0nb8UIeK/E/DvTUYqqS7t23kxRWSME/L93x8aNo/YyCMksZpV7mlUeNCwluTFGQzDGRHg48T5dK8mP+rdXlglFQhK2m3GUknDCpzTSd8ztWr2x7N8nX8JBPm3/l0v2MH/AGcijtfaZTMAl6Y5R3RiETNATsCNYK56kfxr1Y+n9Rn134XDs5xXHr/yuCyJdU9ji/JP6GeenjHHvlfXn3XXzKO0NhFazmCNncxopkLEe83ewMAbaSvzr0fQPpDP6R0i1WWKipN7Uv0rjnl87k/hR5+uxwxT2R5pc+//AKOU7Zy5uTHnIt40h+9QAx+8jP31y1c9018/nz9KNejx7YN+2vlx9bNFisxpaDFMTQYpk0LFMVDpioVAqHQKh681G6yNtCzSsdCoAkiZOKajbKjG2dIkIggA/TlUO3mF/RH3+9+GtkVtievCKxwOcumLMTWWfLPOyStlBWudElrpiJf2pXJ9dKqF+Wp/nSrkq+DM7OcQe2nVlGpXISRMhQwJ8zsGHUE+vgTVwT3KiXTXJ6dGUcB10srDII3BFaU7ODVEwKYh0AXwvSaAygAw36+Brm0UROV61LQy6MsegP8ACpoZlS3whQvPIkaD9J2Cj5nak6Gk30OavfpAtA2iES3DbjKLojz/AInwceoBprl0jrDDKToq4xxl/Yw8qJHJcsdKjvOII2B3Y4PelXbAA+qPmK044bJuT7fV/ZfU9TT4FhbbfT6/9HmF7cF2JrFlybpWZskt0rKBXOyKGKLHQ6VjodFlUOix0Oix0FFjoutAnMj5v91zU5nU9zUNew36Z6UrCjeIYz3murfW5Z3xzQNTEs3/AA/MmvotLqMWPDGFrp5x+552XHOU26fyf2Nnb8dljiWFOIQLEhJVQhOMvzCNRh1EFtyCcHp02rFl0PovLqJamcE5vq9//rtut+1NR4TStdU75GlnUdquvd8fIl/tFPnUeJRFhzMEqxI5jrI4BMOwLIhwNhpAGBtUR9G+iIqljil4f6v0xlGN+PmoykrfLu3b5Heo9vy/wDdoZisqniEBWfmc3KE55ihXAPJ7oIAyFx0z1oXo30SpY5KCTx7dvj6bHcb8ficX0cr610E3nprnnrx59exRFxVli5K30Ai5csenS5GmUgyDJizuVG+cjG2K0ZMHo/Jn/ETinO4u93eF7ek64t+x3zZKjlUdquue3n17EZeJFpUna+gM0fL0NpcY5eNGwiwcYHUfGrhj0MNPPTRS2S3Wty533u533zb6PjtQOOVyUn193l8DMTtLcAhv7RgyqBBlCQAG1DYw4yGGQeo8KxT9F+iJxcXjXL3Px1y1tfKndOPDXR90yt2dd/2/wRm49JIrpJxCBkkUq66WCkFy/QRAA6iTqG/rXXDofRmCccmOCUou093Ke3Z1c+m3inx3q+Tnk9fJNNun7Pj5ExxSJ5xPPeQSPrR3xqBbQBhcaAoyFArRp1pdNgWnwVGKtJbk6ttvlyb6tsx5ceWU98k2/c+3wo4m7lMkjuTks7HJ69dq8zLPfNy9p6eLHsgo+SKqgpoKZNBTFQsUxUGKYqDFAqCgKIZrkc6FmgdEgaoVGXYLk12xLk06ePJ0PaIfWzKBgJI0YHoh0L+SitEvynoZlwcvKu9ZGeVJckKBF77xp6PKv5IR/wBRoVWUQVRVBR03ZLivKPJc/VO2VJ6Ix/gp/I7+LGqXHIpQckdpXQzhQAA4oAskvEjXVI6Rr5uwQfDJ6mok0upSTfQ1F925tY9ow87DONI5ceR5s2/3hTXJzXY6rC+5q4+0/ELxxHBph1EBRGNchz4Fmz4+IArpjx7+rOscSNNxjgd0JiJ+a8o2JlLO49MtvVS0zf5eU/I0wwSlwkb/ALLdmlyXmOiONTJM/wBhB1Pqx2AHiSK0wwrBDc1cn0Xt+3n7D1MWnWGO6XXsvb/Opoe2PHfaZ3KjTGNKRoNwiKAqIPgAPicnxrBnyV4E7835vuzHmn/Sv4zm6x2Z6GKLHRIUWOhiix0SFFlUFKx0Oix0Oix0Oix0FFhQUWFBTsKDFAqDFMTQU7JoKYqCmTQYpktCxTJoKZLQUxUFMmhUxUFAqDFMVBQFFJrmckKkMNVFhRlWk2DXXHOjvidM63Ul2A6uouCoEiOQnMIAGuNjsSdsqd85xnO2uMlR6aamjXXnApge9FKvxRh+eN6mWNPocZ6azEXgMze7HIfgrH+Arn6lnL8IzPt+y9xpZZF5QbSVMxWEalzj3yOoZh8SPKl6qubK/CV1Kzw2zi/vrpSR1WBTK3w1HSo+Zp+CPUr1OKPVkH45axbQW6sft3B5p/AAEH3g1LzxXQPWwj+VGfwjtomNFyGGPdkQZGPJlHTHmPl4mI50up5+XFudx4Mq87bWyj6pZJmxttyk+8tv/wC2m9QuyIWB9zSXPa27mYLGUhDHACDvY/ads4xuSRjGM1yeaTO0cMUaa9u+Y+osz4UIGckuwH6RJ33OTg9M48K57jrRkcGltxKPaQ5i31cvAfptjO3XFdcU434hpF/C+LGCZZIiVKuCp8Rg7V0hnUZewuNWemw8VF5gjS8zIXdnIVUVR3pJHOyIB1J/kK9NTx4YXdR8v7H0MM+DHiTOO7W9qUZfZbVj7OrapJMaWnkG2sjqqDcKvqSdzt5ufVuct3f6Ly9/m/7Hk5tRLI7f/S/nU4tmyc1hbsygKVjokKLHRIUWVQ6B0MUiqJUWOhigdDosdDosdBRYUFAUOmFBTFQUCoKomhUyWgxTJoKZLQYpk0KmJoMUyGgxTFQYpk0KgKCmKgoCihq5s4IjmkMVIYgaLGi1LlhTWRo6RyNGVBxu4jGElkQeSOyj8jVevkdVnkSl7QXbbGeY/GRz/rUvPIfr5vuYD3LnqetQ8sn3Ic5PuTMok99tMmw1tnS/+Pyb9rx8cbsee5i6lM0bJjUpUH3T1Vv8LDZvuNFjor1UrAtihdhqAwnTW3dj/EdifQb+lFjJNMFBVMnVs7kYLD7KjwX47nxx0osZTqosYFsdaLGby17PuqrNeSCxt2GpeaCbqUf9hb7M/h3m0oM+9S3APifaDVH7Laobez1AspbXPOV917iQY1EHcIAEXOwJ3pqUu7KVmlzRYyQpDoYoHRIUFDFA6JCgqiQoKodIdDoKodA6HQFDoHQUwodAqCmKgpiaCmS0BFMloVMloKZNBVE0KmS0FMmgpk0FAqCmKhUxBQFGM1QzMiNSUKgAqRipDFSZSFUjImkMKRRKKZ0zod0z10MVz8cdaALfbZPtYPmqqrfiAz+dIZTJIzHLMzHGMsSxx5ZNAxACnwMkNPqfkKfhDkzLPikkO8ISJ/CQKGmH+F2zp/dxSbHRizSs7M7szu5yzOS7sfMsdzSKEKYxigZIUFEhQMYoGSFBQxSKJUDGKCkSFIY6BjoKCmMKAHQIKZIUxBTJYUyWFMliqiGFMlhTJYUxMKZIUyWFAhUwCgRRozSo4RhaDletKi9guT60qHsDk+tG0NgjD60to9gmh9aTiG0r01FBRErUtDFikMWKRSQsUh0GKACgB0DGKBonpqqGMLRQxhaKGMCkUiarRRSRMR0rOqgS5dFj2D0Uh7B6aB7Q00DoeKB0PFA6CmAUDCgAoAdAqCnYqCixbQp7hbAp7hbAqkzk1QqpMhoKtI5NhToncFArCmKwoEFABQB//9k=','3 tháng','https://w.ladicdn.com/s400x400/5cda673930dba94fe2f576ab/8-php-20230906095025-2r_hl.jpg'),('bbf98b67-8a35-4839-9b8b-27c4aa9a3f8b','Khóa học  ReactJs','Dành cho bạn muốn làm full ','2024-03-20 09:02:24','2024-03-20 09:02:24',1,0,'2024-03-20 09:08:13',NULL,17000000,'data:image/png;base64,iVBORw0KGgoAAAANSUhEUgAAASsAAACoCAMAAACPKThEAAABs1BMVEX39/coHikhJz3////s7fEAAAAiKUAXGikgKEUpMk339/htcYEoHiopMEsoKDz4v2j4x2j5vGn3yGnr7fMmHyglGiYNtf6hpasoHCX5vWcQABL6tm/3+PXt7PEWIUH4w2cPiNkoGSMiFiMZvv4pEhXm5uYYHzj2+//2ymj+zAAQj9wAg9n59voqGB8QAAAcDh0JAA0bsekADS4LFTHtrUwdwP727N/2v1f4vVrF2uw3mt4iP18AkNshR20Ar/0UoeccEheCf4MZAAAZp+UoEBrLyctQUFC3trh0c3QevO8nOEhOSE4eyvkpABEoEBslVXDe8Ph/0P358Mv66az85pr58tz03LP00pz1y4b1xnT47bj248eM0fNkxvu64/f0z43y2qmjyOl3r+FcpuKnyeb63XkTgMkeXpMYdLAThs2/0+v25tcdV38QjM9zt+MoDQcdVYcdb6MILUQbfbH4xYz3yJQgcJ0KOlMlSWwKJjJAO0KVkpcajcMgS2MxMDIjRGn70zoYnswkaIYfiK1jXmUip8782F0meZap3vUiXGojgahLUGN6fY46PU4AACFfY3QADjia5fCAAAAXzUlEQVR4nO1djUMS2foedmZMT+MHziBIgwoyaiwkaKIZiQYjYmq6uyFcXD+qzVpsrdtut5Vyr6a3bm5rf/Lvfc/MwGCW9dttvYw8FQICeR6f9znP+ZgZhqmhhhpqqKGGGmqooYYaaqihhhpqqKGGGmqooYb/FZDT/gGqBkQmNbI+GXKNq09CkAlGv+k9tg5lBgQHf4N4S+8SSqt8/CdZnnAoQPnb76Lw9eh35CCjcSQDohQysBekjB33UZZXZ1AGqr777tb7qiBMb69cyCxmc53DBjpz2cVMQUalvf/y+Q/ozUIgwX98BzemJ1AhwFN+MTc83GKgs6VTw/DISG4xL/dCbZbeghpcaps/hZ/+bwaRb1U8loPBXjmTNfGks2XCyEg2I5t6UFDV923Lp/DD/+0IVlQPKCo73NfS0vphqnS68kQvXfA0Rl62fg2agH0dI2dywy2trcBUK2UL9JXLZldWVrK5HBDUadDWDHQ1Z5heEFeQmr18prjCqsq0DPe1UqqQpexqvqBwIseJIvwVOaWQX80iUS0aW52dwJb1e8BjQJi8zhRQNZzLFCg/QBSyRUFZUwqZ7MhIM6WqeaQzY+4YzgpIobWlD/4A+rIZRSxThCx5DLKQQFEBurRSbB6xF3pP+0f/W4EJcxF9Ci19eDFK9cR5NHI4TTmE4UzccYXFThQX+tYiJFSTW0EtMxbWGiGFlj4sv77h1lVF15OHC3LilbW123dGEXdur929InqIRqAHxdU50olsNTffKpOFSeL9YYBlANkzM9yiUbWqiDpVzPza7dGur7/u+rqrhK8Do7fvzsu6toAtIAsxkjFNVgS/scTMhXzcYAZalh1u7YM/wyuK4VJXfgp8bSKpK6AD7nWNrl0x2IqujKCumkeyjJG2grcu/mCFkTSOld97KhjN9UEBgq/nRd3D746aiAKCAhWIBbru3GWgRjFJ5ClXze0XokQPD73fWiJFyPLS0WGb3BulQaGvb0WTFCOudZWYund/feNqoyC5bE11VzfW7z8AopCtWFdsDcii7v/LCJLV2R7tRUfHSZygXO3ejt0ZN7ZQISxQQAFDQmvrcF5EpcjMWqn41q/VhfyhkMvlstlsLq835Pf7667djwFV+Hd0jfHQyJUfaW9vbm9vL2h1aAljl5nltrGxhXnzrAIpDKNTtbZGqVMxPxpMrTds+ilJZgg2V8i/efVxjKJr9EoQ+RWj1ODbLxcIsUT5USyMjY11m0a5Min00QSao0GBEW9rRN17JPm9Npdgex8uQXD5hY2HSFYg8BP1N1HJad1hoTdoCVXRad75se9LjcGxchSzQl9flloV86OWD+5d2wwBTYJwDFfAFFXXps7W6BVGxCj280h7s719JEqIFfpABJEXTN4uB2UaFVqyaNIcc1srv0ch7zF6OiqvkHcjFhsdjcXWZDq0zgJZze127GitQZZsnjqBfJ1rwfy5glbl4e5Qqu4LIZd0nKIqIUk2v3R/NDYaC/ykZbKf2xE5xkJVaELvIo5rWnJasBylorrmB0OynUgVFqPN4d+Ix2OjgTtUllyuvd1ub1/stYasKkHywzivoNm6GKBOVRf6BJrK8Nc9jEMdJjRl5eyAkbwVyZK1IWCUiiIAqvr6vssrfRZXktf7JB6LxxJab4jCsrefdrv+esgkSyNoATUh0gJc97tsleUnYAbFCLoJ/0Ihh9Y5ll8Cgd7/OD4ajyeoNvNYhPasJYbOJgShAnECdFH0iBy5A1QF1v3C0ewJNAnP1tfvIx6vPxP8EE8Fm1RB5+bjOLjWTzhXIy5SYeU/sNxarZAZOgOaE7WwAMFq3X+k+3P5Xb89vqcPlzFLxeMPHz+z+R0VdLrMZHEXkCy7dcI7BfSBuAARhQYyd2lW2BQkQTIz1bT+AFi69/jRv/6J+NfG44dxpKvJf0R+m0/g+fiPOJAu2LEMf7FQFcLvPQoV2DK8inMwIlJ1L1RhU4K/7j4Qdf8az1+6dGmc4tIlnn/2BMzpybS/wtccoedIFh17L6Ku7FHrcEVI7wrGhVa6moVm1SWZBn+Czetf7wp0PToHNKGGtNEODG3Gr1/6FTJV/CmMFs29oZCAJyM0pqGw7D9baLkCxoG4DJHHmYU1pOpqyOzY/oZ7YPX8pXGNJUGjS8D8KY1f4p8m4s8b/CZuhdAzFNYacpVHXbVbR1ggK2rsNBVpacHsP/5rXYH75y45jh87C+OXfgWD2vALpkL0P0Zl0YqmifQX6wgrijs7MFpBHwgZtMvk1oLLvx4IPLo0/uFQCtraTSSebpo9azORSMR/wsm/QruVHIv0rvYZeeGKVoHlVktgVV3/vOQSpGNYKvF56V9Ilinke58l4onEFVxpvYBcLVqkKySE7urIQ7/F3MG44C8RI0ib64F7v14XBNsHBtD0pYLt+q9UWeWnN59TYWF6R64uWCSNkjxy1YoTMVcwhdaZKtD/KND167j+yOd2u/vLruXoh8c+/YXjQNaGiWTvNAprnnaFF7TwbgWQFRzdrEIJEnCrwP2ysQveq4Guf17XC7B/y6mmptz9OlNux0RKdW710x5TEq5DGb4IGWQJwuYTTViimAFZWcLdCROUaQlGQVYiLv816LLCgbKrK3Dtup6n+vdYBDcR9gmosSKhj/f6tbBlu34zknAZsQwy2TTYewK6QjEKVF2wV+xwqE7AuDY/rDm7h8Nsdc9vSEMS/Pe7Hl83iq6fsHv8VpFhVakfNKawXHGbn2K5sEHP9SeJJybL8oNjJe5iDPnZfuGCvVyEcvCY3bjVgd5F1FUGA8MozoSWOkHBdTXwIGz0gP1T7ATv8PHjKZbc4EFjTp4fd/BFdkovSkngE5EX5bGR9yZwFUF3z6CwykUYrFZlEYb2gjhq5uYxMPhL4UDYfBD4bdyYn3Kn2G00cgdoiS2y7BSPj3w3WGfYKLvki+6dzVKH6UhiEaK7R7EGLxjzo6T3W7ytRroIDaI5D+gKS/B+abAihX4L3LtekklYZca16ZfwJMMyWzx94NhiU3ypZ7y+033TW7J3/xMsQtymdQER1SKWzMgX/1GlS2FBalcrQFUQw9U1r6ELcKvA1dAxXPXvEeCKWrrNsc2qZa68LyI7pfksaQ6LkGb3X8CwLuS1IiS93138N90NV30o25UY6Ap0NZUSureh68H1cpoCriRKg2+LsFMsoQV5RFcgrMjVUjpzNaFh0R0OqCttFovIP1y8ePHft6qyBJlsS2snHQtCEA3cK4er5HpgI1RO624nu+WzORy+fgX6wymQk89hE9CvTFwld9NvkoYuhST2hDjOKaCufkauyDcXNfxw2g3/f4DIdEM2LlKtdQUCphkGcPZztrKu+ieAorBvayvFqhPFCZVNbW35wvwEO+UuvUWwjUcisyVhJZ9GMDV4OA9ypQ1zCPmO6qoqY4M83NLZieNmz23g6lrJoFxN4Ozl0bDDvc2mnCrHmsGpTpUdDzvKXG3upJtKXIXQsJYwNVBz1w+hQ7+qzhl47AY7O7M0XYFflceCoUeB9VCZKamoAjmMorLM1N7k5OTeFGFTCgPPqROS22EkheSr9O5cie5p0FWagfHAL8hVQT8EhVz8pjr3rpH8cGdnyyJ2gzHQVbnfM/eC/Q4nDGgUdpLnUxCs3AioPkijU/Asyzgdeh6FnjD9slzGITT3IOhK40r/L6t2UyTJgKxoN8jBWPCB0U5B8D+I6SIT3KAhZYrH4E493b21t+X28Sp7A2M7P6GwZEoPpN7p9M5s2eoTkQiuQYsZ5Cqv/5dyb1UGUfglZ4AqLTKArMrdoOR98FBfS3UXWXmK530SUXmF3XZvYzWqtv4bwJvCAHX8FMNOhLUqlCIRb5mrnUQEk7sWGjLlqYbq1FXvKh7RhqsS88BVeT7G1RR7qJWgb49VJEzp4RTrhLrzKdTXlX6oxyKkKxBeeBvq00e5SkZM5u5/Hjmeq+oEWcSjS5GrK5Vc1cW0ghTcKrtNK8w3CdY0Hi7qneCEWwJr38KJQIFqTKNnJz1dwVXkCk66a2H0tBv7J0EWh3H+uMSVESRdDSWuFIWnUV4AhyryYVXnKsWHncgQfQcPLypxVSrCJOoKuOI0rqpeV/kMAGcZKnXlMHRlA12FtZnisAJcuU1cpXAwiFz5fIauZs1c+XWuxGgmn88UTv5p/sdBT7bAvceVt0njSpD6oe+jZOHEKCNBftdrkN+C20ltklQ14nty31yDO1CD87jND/4TC+xZowc3IFfzFTVoEzRvF6inK1u8D0sQM5Vb93aePoaRs4/fUuCrlt5D++km2xGucO8NhvbqJwtB6LbHAOSr0qRo6GFM79AcvBMq7gaP0y8qu9UfTjEsAxW4h4+ZcPhGCidJHXr3md5PVnKF0c0aLGlArkggFoiValDYfBhvMIyHnwQtKRjZsb/r56Ub4xDeIWtBeE/htyZ5feTonZ7ZN2VRoCrisSBXzGgsFrCV2/k0vmGMcYR+fhLExDKqE+x9a2tbkra2oBN0qjD0YVKTvNuYu5nbnTGNcWxAVZrxWI8rcicWi10t9WGhm/HHppXCfn6cVYwuEJxav6dyDM+HSyuotrmXM+Wxs/cFcLVAjyuwEtB/1wKx2KPy4NkVf2hawcJViCLPS3sQRVOqqoJHFfckHqxs22faTrSZnpkrTdEkd4GrJatxRTvCu12xmElKYFjlpASJocjuuW2+fmAHOIPxjZMP+xwQKMxzfZV25X+TjkSWMTKcdvv+UtDQALp6YJpQ2Yg/NVmPseZlw6jAF8HjUT+O8poXVZK5BAUtMljN2zVhjUJH2GBaWoiPmjYShVVZX5vYJjBmVvhxTOyVaxMOIQ2pvTRMmkZr1w4stxTwl/9TLDa6YZrtewI9oXkdx1jz2iIss60tzTtwoqb0muSrmZezpb0yod20blcWkJV5ehKa5PkRihBGOeXhczxOD10yuJL0tdQpCAqTWuU5tsu6Ehyz6RmTxc1iCS5bQlaymSuCB0iKoKtYk9FYui3oqd9VXqPfAr+CEU2RZXByj/qVac1LkGZfgqzKVSsMpdMRUwlWsboqV34JJ3LM7VgsvlH2Zm9TArpCfZsQ9HhF3ucLb6s4OrxB2JTD7fNBr7jnNl4+PWMaN+MyBaQrplyCvdU5c4y/495/fBusEBbH/RgbHX0YKjVX8G/En/tdmv843Bw7sbWXopMxUv+4yhLnja0JMHkjTyX3Z14ZRAs2ybsfSUeWtXRFT6W1sFyd2pLxfBwXvzGd6kU7wHJ0NP6s7O7C7PNEKTf0T9KwrkzxOBXq4KfofANzw033qkkOqMD92fJ+pLmbUIHlXlBm5se6q/PcWIS59Z+LF/9zq1yIVFhrsVFzWhdwS4KxZVbol4op5yRvLJ26+T2nWuT1NQlh89VMuslRWnwVZnegBF8bvSDhlsbaxrpfn2KT/wSCvT/8UDGpS48EAHcHYZn2Xk/jllmJbsISHGGed5sWmfshv/voPcG2uTsz82KuvP1Bk5V2Dij68cvd9FwQVepZ0WjFQzyIjaHC8pr2ZyefRSK7sx8+4hm+AX7mmn01M/PfOdPz3p10Or1UpgqKsHuhSolCHDEPehqrODjWhungGil5MxF5euQgwSN0CS7wqpmbpriAnaAhq9Lnv56v4qnRI7sKMGOBsOLxOGYsY3eeK/kiEXneNPeB8w7g03PT+1CAybL4wOdAVWl0K0/5898/KVIVA4XF4BFaz/0O02HMoelEJLGbDAnvHShON3PPJcGq9qfLBShIriRWoNEJVq2WPgbaFV5BYT32m44flHz+N5H0zs3Z5HvH5LhsydmbIKpXc+bjDcG9oADTV0xuZTlQroI/jQJZV+fMvDj80zC229kV/BXnS/EmZ227wNT+i6TDLLm5F6iqJWKJoeAHQU9hiIf+xXFqxWRR3tmbWFYvd6fnZmeTCP9scnp3Jw1M/XfWa2JKgLFORKtA0bqyYpAr3ARCLcvhNbu5YAvNvXhJOdh5+ebVq1cvX+4DTzMzL18k52zmA+Ykh4u+jC6hWpkrhjYQLCsRfy6ZT/oBLi55/d6bb0BdM5SkmZn0/sub8JxkqzjhjFdAAWpTx1asQNMQGlsYXANhJZ7bzN6kIeRPStMvdndf7e6+mJaSyVDlmUEkGDG79pEqOrixKlXGdlkw5CBhlmgZTr9Pls3l8nrn5vxzcyHv0bOCQB/g8k7vU18PisA6KX3oabfwLwRLlJSzAk8fP4W/TZ+PN2/evHrzsvLDUorMnnYT/wpQTaUO3nVUoq6prq6+ruFYNOr/jvtWY119fX1TfUdPxacNHKRYS0RSwpx/Vw+tPL71fwUaG+vfnSdMVR6CUwEiH3Q0NNSd+5Koa2zoOKj+0SCRf+9oqD937qsviXPngKzfq9/i1YHGxpOYGhgYHDzueXyyrmeAvuAEthob36mn3dQ/C/Z8feO5uo83tCelqs4m+NpDH9Gv9L7zAG4P1J4DVXH2nERW/flq7wwJdF0fbyXwwqaKnDowcHi+p6en6fe3B4c9eH9wjy2+/arnkB1U1POs8wRl1TU2nnZb/yyUjoaTqAKuzvNFbkDhFObtASNzijqgAMtvVZYp9gBXPR61Z+BExhs6lNNu7J+E+glcDbKqkzh/Jz1hJZVSBqmM3g6oxUHmcAC5GjzPyam3J3NV7YaldHxSDTLOsFN2plITqvrHHym1qAwM9nxVxxx+dYi6qhs4hBr9+IfUga6qvCPk6pGrj9M1yJ7/Xa47ZA8alAknc3ieqIfs7wdQf0HnW7boZAeAQFU5gSsIpNU+lmYP608UVg93/g819UdRZlI9PaqspNQ/nAzcH3QyxSJhigMHCqMcfrwjrGusP6z2fpBV3zU2nsAVxASMUoNQaxCl6sCjvhqg9wcHe6AUB7/qGWgcPCEzWCFfERTWyZb1ZwEVeFiVmxkqQJRGGDnXfVHAwLy+sdrdikI56Gj8omhobOw4qPZwhcATTBTfdXTUfzl0dLwrnnYz/zKwJFU8/+VQxIOdLAK8dDP7ySDG5Z0//S3scdfqrU58Rju0ZfzXS6+1IyjlT+zbiEV3NXwEhPEw8wttbWNjY23dC/OMh6vOE3h8CRzZL4WiWhqLx4EquI23LR2/sHzWFMRo+/w4Lli6vg3Bs34NAVNtOhLx783rpViOhF5Ttfpn1j8LhIhclB5gL5auUMmIXDcyVSKrLTHEeUoqAlY9YjSzmomK4pmSFhHzucuIbLTUcI75Pg5W1WZCYoEpCUsmYjRL35PLnyGyQEKrl0c6W5o7my9fzovakxy3XOZpaQhuurvbupdLjkXEzPBlei3ey5dXxVP72f9mAFWZy50t2kWI2y8XRGpZIKuEUYDdcjflqjvyfcmxxOiwfsF1eE/mzCiLU4aNa6c3t7fnOJqPuPmxUgEuzCNRiKF5ffcs4XLNLTq/zfbL1T4H+smAatIVgtd6u1xA6RDudaJUg8vLBlfdr7UiJFxhpNV4D3CVOSNVGBRXOkuystvtq1hQHLeg8TQ/390mLwwxOl1LehGKq8NG2eKbVs4GVzKUE200rUDgKovt5jzfj2lUtbUNyUNtQ73LlKsFg6sVkxTt9pwlpqtOBJHFrLnZ9kUsM7B25KobuVogoCkRuRoqc7VY8Z7s2eCKkcXFFu1i6c30UkAZbDcMb0o1CHY1NA9UDQGWPDpX4HHNnYYU7YtnowapT2tUtdvbL9jtikz9ajmhkTXUPb+EiqJUpZd1XXGKWVb2whnRFYNFSK+kS5u9qI1jOK4tgkUIZLFDNC4gVWnRCKPiqkmK2TOTrwintLajqDTnofmK8chLSBSwtdCrZyssQcYYEUKPQC++S7lSLL2zvRIeRW94+y/GvIvi4bo1rspMoayMYpM5ZXFEoyp3lqiChov5lebm3GK+5NFE8YClU6aMEkwPLXOl9RlCPGJhMdfcvJIXRctcfvcTQGBMSK/jKZbn+xROfq2Tpatq6DXHVQxm6DVl6TxN9S+cfh7IkbP3Kx7mNZBEZYX1N7TMcMr7bzljLH0ACsfNL6CkupGphXkPd2aGyJ8PIIvMv14AUS28nocUYYXF5C8GRaGGpN0oNao+DoXS5VHw62n/LP/74JQaUZ+DmqXXUEMNNdRQQw011FBDDTXUUEMNlsb/AZ/OniXTSTA1AAAAAElFTkSuQmCC','8 tháng','https://w.ladicdn.com/s400x400/5cda673930dba94fe2f576ab/icon-javascript-20230906095026-rrb6d.png'),('bef23864-c4d5-4fec-9257-259589bed63f','Khóa học  Java','Khóa học tất cả lever về java : java core,   java Spring boot','2024-03-20 00:00:00','2024-03-28 00:00:00',1,0,'2024-03-19 13:43:55',NULL,20000000,'https://encrypted-tbn0.gstatic.com/images?q=tbn:ANd9GcSQAsZEMzVPj0LZkO-AwCgazlrHzi79Yy0Qk8JxqGcYbHHgiFRRwoVyBfQkCm63CC1ca48&usqp=CAU','1 năm','https://w.ladicdn.com/s400x400/5cda673930dba94fe2f576ab/icon-javascript-20230906095026-rrb6d.png'),('c05dcaef-5581-4054-98b6-7ffa82b26af8','Khóa học vuejs','Dành cho sinh viên chuyển ngành và muốn làm full stack','2024-03-06 00:00:00','2024-03-28 00:00:00',1,0,'2024-03-19 13:32:10',NULL,1000000,'data:image/jpeg;base64,/9j/4AAQSkZJRgABAQAAAQABAAD/2wCEAAkGBxMSEhUSEhIVFRUVGBcXFRcVFRUVFxcXFRUXFxUVFRUYHSggGBolHRUVITEhJSkrLi4uFx8zODMtNygtLisBCgoKDg0OFxAQFy0dHR0tLS0tLSstLS0rLSsuLS0tKy0tLS0tLS0tLS0tLS0tLS0tKy0tLS8tLSstLS0tKystLf/AABEIAKEBOQMBIgACEQEDEQH/xAAbAAADAQEBAQEAAAAAAAAAAAAAAQIDBAUHBv/EADgQAAICAQMDAQYEBAUFAQAAAAABAhEDITFBBBJRBQYiMmFxgRNSkaEUQrHwByNi0fEzgpKTohX/xAAaAQEBAQEBAQEAAAAAAAAAAAABAAIFBAMG/8QAJREBAQACAQQCAgIDAAAAAAAAAAECEQMSITFRBBMiQWGxBXGB/9oADAMBAAIRAxEAPwD86+AXI0tjSOI9m3BtZxrQ2yB2aEzjqG2PLNoB67GkcZHaKtlrHJL4X+jPU6TAoq+WdBJ4CKOz1DAk1JaXo68+TklHUGaUik9QcSorUGTi9GJMuMNxKAMnBWPtocNGV3AzURNIkw3LRUUuCgrQaBk4mkSIo07QZqwb0CieDIBKKQktyBPYbDgGSLgb2QuB8ACQXoVET2AK5QSjQcorJIghlciktAe4AAgBAD5FXzRRIB5eOGxtVBCkjLJkPX5dPyU5ETkS3aBpX5/4Naa00WM3iqMu9EyyBWO9evgna+mjNDx45JRdpmv8dOuP0Jrbq6x7L52ccol453q9xZWZr5290NBepL3B7kmiZUDGL3Kgw0zY2oknuCL1ILjE0ihd6LiwrKK0GhN6AmvIBpEpMziy0TLRC4AOAAoKHE0ogxlsEipRJlHUyE8Fp7EvYPBI0twew+WKWwA5cCn/ALhew5gA3oNhJaIEtSBUNGkmiIRt0AAjofT/ADD8Fmdh4TkY3udGfp+0wXJ73VRZolr/AH4Ia0NG6ZGmluUkZuQu4zpnTptGAS/v9Ai9C0GkZF3qYFqQWM2N+0zyLUXeVdsGUx5GnqdWDorVydHVh6WMeLfzI6eZHcaPXljT3SPO6jD2y+T2JmzSEfofZf2Xy9W+74MSdObW/lQXL+exz+yXoj6vOoO1jiu7I/8ATekV4ben6n2bBhjCKjFKMYqkloklwj55Zaez4nxPt/LLx/bx/S/ZPpcCVYlOX5slTf6PRfZHsRwxSpRil4SRoB83Yx48cZrGaeb13oPTZl/mYYP5pdsv/Jan4j2i9iJ4k8nTt5ILVwfxpeV+Zfv9T6SAyvlzfF4+Wd539vg6Glofsf8AED0FY5fxONVGbrIltGT2kvrz8/qfjlsa2/Pc3FlxZ3GmjWBlY4yJ8FZCJDkKgRcCT2G9h1sQVN2ZsqjTFj7goZeByR1S6ZHPNcAqljiVJCiQI06d0w/BfghIyHdQ6OZZWH4n1DpZeb1uRVR5ie5eRbWyFye9120cegpwdl4cmhtkYWsbu3EMqT3E0LS5LUEv9jZJf1Mce4MbJrUYXqHIIy4/ETRVagzXtRdrQo8nDnlFPU0h1sr1poD1PSOH1CWqXha/cUuulwkv3OeKtkzlX1b/AAz6FQ6T8Sveyyb/AO2L7Yr9m/ufpPUnkWOTw13pXFSVp1xutzzfYmv4HBX5P37nZ7h8L5d/hxn04yeny71r2763HDvxxw+6/fUsc3SeifxrZ/1Pb9mfbyGbocvUdR2xydPf4sY6KV/9NwTbfvfDvumcXtt6QseRzUf8vLdrhSa95fff9T5T13SSxZJYlbUmu1fnTfuWuXen1Q8er2ry8HNnjllx8l7z+n730b/ETrs03ccChHV1jnevwxT7/wB64+Z9C9l+uz54PJlUVFuodsWrrdu29L0+zPm/sv6I5OGCO71ySX/3L+iX2Pr2DCoRUIqoxSSXyRm3d7eGvjZ58vJc9/jO0/lz+sdGs2DJif8APFpfJ1o/s6PiSR95Phudrvn47pV9O50axeb/ACuM/C/7Z0JGkiBcc3sAcDaBJ4H4HwDIEb9PKtDIHsFDus5MitsnV8hJgrdiaL6aOpM0PE6Ksuyjl6hamv8AEfIxk7eplWl2kHSibQsbfn80TCPJUp7Erk9sdiKvQpz4IeyHyuSAZTQQVlTjVELT5KjDn+9RdyvzoOOTTYGKitR7MIasqa1BJLrUnkrkBTQRHHZhEGTRriZkUgor6p/hr6gp4JYb97FK6/0z1T/XuR+wPh3s/wCrz6TPHNFNr4Zx/NB/EvqqTX0PtPQdbDNjjlxSUoSVpr+j8NeD5ZTTt/B5pnxzH9xn6t0Ec+KWOXK0fiS2f6nybrOhUci/Ej7+JyS+TejPsp4Pqvs5HN1GPNpS/wCovzdvw/7P5GLPQ+Z8a8mssPPj/jP2M9K/CxfiSXv5Kf0j/Kvvv/wfohJA2L1cXHOPCYz9PP8AaHr1g6fLl5UX2/OT0iv1aPi8T9T7Zev/AMXlWHE7w4m25cTnta8xWqXm2/B4ccEVwbkcT5/L9vJrHxHMCR0zxLg52Tn2aIokpgydaEtFcB4IBBWhTgJgi8DkIpgDUbQooakJEybLw4rIRt0860CpUsVao57+R15Z6HLQKvzbWwRW6B8DhLU97rUdjLnCqG5qhZAZ2mMqKm7IKJVb3HehN6j4Bkolchjx2aPFQC0KXHIR32IaLW6Bk4vRhESQ4gDNMUbZmd3p8NG+diGtl/DPwjq9F9bz9HNyxP3XrPHL4JfNeH81+5Zh1i0sL3am8L1Y3u+h+l/4hdLkSWXuwS5U03H7Tjx9aPbj7RdI1a6rD/7Ir9rPibVrUPwl4MdL2Y/5LOTvNvrvX+2/RYk6y/iP8uNOX77L9T8P7Re12fq12RX4OF7xT9+a8Sl4+S/c/PQgknoUXTp8eb53JyTXifw6eiVWdRw4p07/AFOqOaPknkxvZo3ocVmubLei+5jFExldg0USKLvUGKVBewh+ACnMVAVFkE0OQMGjIBSQmOJIUAwAGFAMA/MN6II8ivRAj3uwa2NHujLg0nv9iZpeRyQnyMAtoOC4LXwVKKrQGNq6eVGmXIcaKe5mwWGy1uQi3uQpx5BAnoOJMmjp6PNWj2f9TlRSBPdWJPG8ildSUZLxauLvw6kvt8zmjFZO/Wowi5ylV66KMV9ZNL7t8GfpE05vHJ1HNF423sm2njk/pNR+1mnUReLDHG1U8j/EyJ7pRuOOL+/fL7xMt3vN/pw9j2p34rXXbT56F48Tk+2KbfhJt/oj1Ja9ZiX+rpq/9eIrF2rBNvJKHdmlGbhDudKMXCLfcqTbm/n2/INs/X3vfxt5Ti1aaaa3TVNfVMtY/c7rWjSrW9U3e1ceTq67PCWOCU5zlFyXdKHb7nu1G+53Tv6dxfQ5O3C5JKVZsLUWrTpZXTXNkx0Tq05MmCUUnKEkns3FpP6N7mZ6eSSyRyPHly3TnPHkfdaUldTTptNrdI80Gc8deDRpZmikT5gfIhgBwPwIYA0IEBJXgpshDYMmyoRFwVBgCaAbYAjAaEQflkUuSfA09z3OxT4LUbdbEcF3qgZoYPgGtxzILUtbKlkJT1E+QY0aHWpKPS6Xo8c1iqU1LJk/D1Ue1Nfh27u6/wAz9gpk288qO52Y/TJy1Tg413d6cnHWTjXw3dp8cXtqV0vpzc8kJRneOLbjjipSbU4xpL/uu/kGx030448gj0cvpLi3U49uvxOmlGMXLuSuu1zjF/PRWTj9Lm2lcFbqDctMlpNdmniUd63S30DYuGXpxLcpbnbh9JyNqnH+Xl7zipQi6WkqafhWraHD0rJcV7qck5U+60krtpLX6Rt+Q2z0ZenHRtn6meSTnkk5Se7e7pUv2Rq+glXcqlrVJ3/P2JryrpcfEi8/peTGm5V7tXTbpN0pXVNPTZ8oh05aLH6nmioqORrtrtpK0lqkpVdfK6JwdVODbjJpv4tmnzrF6P7oOk6R5E6evdCKXnvU3xr/ACcLk2yemZIySaWrau6SqCnbuml2u9fD8APzvfuj+Pydyn3vuj8L0qP0jVL9DeWSEMXbDI5SlOE77XDt7IySVveVz48Gi9JknU+U3FJ05NOKcV3pa1K/mtrOefRtbtR1ajGfuzdOn7vGumrWzoFrOHn9RyzTjKbae+kV3V+ZpJy+5ynbk9Nau5wSV9zt9q7ZKDSaVt262M+r6N41Ftq5d1pXp2ut9mnvoDOWOfmsYjaPQ6r0ztk4Rb07rlNwUagm2/dba22oh+mTpNuKi03bckkox7nxrp4shePL04S4nVL0yd1cXV91NtRpJ+9S8NbXv50G/TMiey2k9+IxUrV+VJV9a3Bm8eXpzSWhPg6pdDNLVxvdRv3pUrfbxa8eU0rLzemyjG7i6clKn7se1RaTly33VSAfXl6cQ2JgTCo7oqaM4lSkDJtjgJjgCUJCTGgCkARQUQfl/wDgFyD4BcnudgcFvchFMhVcDkTY2DK3uCe41v8A38iUDJo6MPVSh2VXuT/Ejp/M+3fyvcic8VqavGFG9OjpfUZwSgqcUqp9yv3nJNuLTtNvZ8kPqJXN6e+ql/5KWnjWKOdrUtbgrlXV0/WSilGotLuVNaNT7e5Sp7e7F8VR29H6qk7nDucXeNLSMKio0ua92PnbzqeTEqIaZ67PFduL1LJG9mn26PuSuEFCL91rXtS0ejrYMfXyUVHth2p27UtWk0pP3tHq9Y1qcjmJFodeXt6K9Vyd6na7kpcfmd/qnTT8pMifXylDsdOklfvXUfhW9aUtavQ447lLkNC55e3Zi6+UUlGMF+ak/f8AdlH3tfE5bVve5r/+lkuVUu5QWi2UFUattrTT5pvyefwVYM9eXt3T9Qcvihja951Uqbm05P4rTuK2aDJ6hKXxKDf8rp3FaaR1205ujiRSAXPL27o+oOpKUYy7r0d1csinJ6NPdeTHqerlkS7q0baaVPXjxSrQwYALnbNbby6iTlKelzU+7T89939Toy+ozkmqirvuaTuTlHsbdurrxRwlLkh1ZT9uuHqORNu1q3ap6+6o1o7qktuUVH1KabppXKEmtXrDZau68+aRxNjCjry9up9fNpt03cmpVrHvvu7eFu97q9KG/UJu06ak5OSrRuSSeny7VXg4+BvgB15ezYMS1K7SfMimTEpgjsqJL2KxMgEASYgoWmOyRAH5m9hrkXga5Pc7BrYp7ojg0mqaIUhsXkYM1qlr+oo/7Be/3FEGThub95zx3Ke4WM2G3bLW+pF6lN6kKqL3FFiQ47gFLccWStxxBmqRcETEcXuAVeg0QmWAUh2EeRJEypsAYIA1igkT3AyBvYZL2G9zIHA3wTwABcXqW5GYrJk0x2ShsEpscGSNEFIZI0wC0ISFYB+bYR5AD3OwDfNuv78AAM3yhbBIAINJ7v8AvwOO33EAMni3GICFPkp7jAAceQhuMAZoiNCAAvkcQAGTLiAEKuPISAAZDGAADKQAADEMCAew1wAACiHAwACPAAABa2BABADQAAXHf7EAAB//2Q==','6 tháng','https://w.ladicdn.com/s400x400/5cda673930dba94fe2f576ab/8-php-20230906095025-2r_hl.jpg'),('d75994f5-901d-41a1-8fe3-68675acd1c45','Khóa học  FullStack','Được học từ font-end đến back-end: java, reactJs, vue js','2024-03-19 00:00:00','2024-03-29 00:00:00',1,0,'2024-03-19 14:01:33',NULL,15000000,'https://encrypted-tbn0.gstatic.com/images?q=tbn:ANd9GcQK8drF07wGymoVCLhRD1TYwKfkSGIWxxG826un-1ViJu3JcfiIgLydkuifJWs0zwOaJis&usqp=CAU','9 tháng','https://w.ladicdn.com/s400x400/5cda673930dba94fe2f576ab/7-java-20230906095025-9n9hx.jpg');
/*!40000 ALTER TABLE `course` ENABLE KEYS */;
UNLOCK TABLES;

--
-- Table structure for table `point`
--

DROP TABLE IF EXISTS `point`;
/*!40101 SET @saved_cs_client     = @@character_set_client */;
/*!50503 SET character_set_client = utf8mb4 */;
CREATE TABLE `point` (
  `id` varchar(50) NOT NULL,
  `class_id` varchar(50) DEFAULT NULL,
  `student_id` varchar(50) DEFAULT NULL,
  `point_student` int DEFAULT NULL,
  `point_type` varchar(100) CHARACTER SET utf8mb3 COLLATE utf8mb3_general_ci DEFAULT NULL,
  `subject_id` varchar(50) DEFAULT NULL,
  PRIMARY KEY (`id`)
) ENGINE=InnoDB DEFAULT CHARSET=utf8mb4 COLLATE=utf8mb4_0900_ai_ci;
/*!40101 SET character_set_client = @saved_cs_client */;

--
-- Dumping data for table `point`
--

LOCK TABLES `point` WRITE;
/*!40000 ALTER TABLE `point` DISABLE KEYS */;
INSERT INTO `point` VALUES ('10f101e2-fc46-4f63-a7ae-493e6639006f','73d335d2-b978-4425-a211-8f0461730da9',',663DB766-A07E-2E2E-61D7-19D4D5E289CB',6,NULL,'2a8428ff-4a57-41c8-b9c3-79a8e6f30fda'),('1e16542d-9b39-4afc-a9a7-64371f7234df','73d335d2-b978-4425-a211-8f0461730da9',',663DB766-A07E-2E2E-61D7-19D4D5E289CB',7,NULL,'1f1c094c-7960-45bc-808b-5cfeea396518'),('3d8a97c9-858e-4356-9603-6fcd6e0c04c5','73d335d2-b978-4425-a211-8f0461730da9',',563DB766-A07E-2E2E-61D7-19D4D5E289CB',8,NULL,'1f1c094c-7960-45bc-808b-5cfeea396518'),('76f4b05d-5ca1-4fcb-a044-039b518a609c','73d335d2-b978-4425-a211-8f0461730da9','00577c7c-6f74-4107-8a4f-8be87c93677b',7,NULL,'2a8428ff-4a57-41c8-b9c3-79a8e6f30fda'),('7ce7283f-a647-484d-a8f3-35f2d3bf11fe','73d335d2-b978-4425-a211-8f0461730da9',',563DB766-A07E-2E2E-61D7-19D4D5E289CB',8,NULL,'2a8428ff-4a57-41c8-b9c3-79a8e6f30fda'),('92f9c577-44b0-4832-9679-fd2e63209a2b','73d335d2-b978-4425-a211-8f0461730da9',',763DB766-A07E-2E2E-61D7-19D4D5E289CB',9,NULL,'2a8428ff-4a57-41c8-b9c3-79a8e6f30fda'),('9a1ad610-ff88-4e7b-8870-5987e6a7f141','73d335d2-b978-4425-a211-8f0461730da9',',263DB766-A07E-2E2E-61D7-19D4D5E289CB',6,NULL,'1f1c094c-7960-45bc-808b-5cfeea396518'),('9dd4a47d-fd91-4d99-9a48-e091d38069d6','73d335d2-b978-4425-a211-8f0461730da9','00577c7c-6f74-4107-8a4f-8be87c93677b',5,NULL,'1f1c094c-7960-45bc-808b-5cfeea396518'),('9e0d1857-5d34-4620-b148-d4243a8b158d','73d335d2-b978-4425-a211-8f0461730da9',',763DB766-A07E-2E2E-61D7-19D4D5E289CB',9,NULL,'1f1c094c-7960-45bc-808b-5cfeea396518'),('9ea73288-fbaa-4840-b826-5b5f9b60db1d','73d335d2-b978-4425-a211-8f0461730da9',',863DB766-A07E-2E2E-61D7-19D4D5E289CB',9,NULL,'2a8428ff-4a57-41c8-b9c3-79a8e6f30fda'),('a29d9d56-a01f-4beb-8e6f-c03ca3e04055','73d335d2-b978-4425-a211-8f0461730da9',',863DB766-A07E-2E2E-61D7-19D4D5E289CB',5,NULL,'1f1c094c-7960-45bc-808b-5cfeea396518'),('b8f1ed2b-7409-44ec-a116-b1a5afacff2e','73d335d2-b978-4425-a211-8f0461730da9',',263DB766-A07E-2E2E-61D7-19D4D5E289CB',8,NULL,'2a8428ff-4a57-41c8-b9c3-79a8e6f30fda');
/*!40000 ALTER TABLE `point` ENABLE KEYS */;
UNLOCK TABLES;

--
-- Table structure for table `send_mail`
--

DROP TABLE IF EXISTS `send_mail`;
/*!40101 SET @saved_cs_client     = @@character_set_client */;
/*!50503 SET character_set_client = utf8mb4 */;
CREATE TABLE `send_mail` (
  `id` varchar(50) NOT NULL,
  `title` text,
  `content` text,
  `type` text,
  PRIMARY KEY (`id`)
) ENGINE=InnoDB DEFAULT CHARSET=utf8mb4 COLLATE=utf8mb4_0900_ai_ci;
/*!40101 SET character_set_client = @saved_cs_client */;

--
-- Dumping data for table `send_mail`
--

LOCK TABLES `send_mail` WRITE;
/*!40000 ALTER TABLE `send_mail` DISABLE KEYS */;
INSERT INTO `send_mail` VALUES ('1a7e877c-3f15-4bfc-b69c-cc5ad60e9917','Email thông báo đăng kí khóa học thành công !!!','<h1>CHÚC MỪNG BẠN ĐÃ ĐĂNG KÍ KHÓA HỌC THÀNH CÔNG</h1><p>Xin chào :name,</p><p>Cảm ơn bạn đã đăng ký khóa học : Course.</p><p>Mã sinh viên của bạn là :&nbsp;code</p><p>Trung tâm Newwave Solution trân trọng mời bạn đến văn phòng làm thủ tục theo thông tin sau: .</p><p>- Ngày làm thủ tục: 14h30 ngày 20/4/2023</p><p>- Địa điểm: Tầng 1, tòa Mitec, Dương Đình Nghệ, Yên Hòa, Cầu Giấy</p><p><strong style=\"color: rgb(230, 0, 0);\">Lưu ý: Khi đi bạn mang theo những loại giấy tờ sau.</strong></p><p>1.Bản sơ yếu lý lịch chứng thực (không quá 6 tháng từ ngày gửi, có thể làm tại các phòng công chứng tư)..</p><p>2. Bản sao công chứng chứng minh nhân dân/căn cước công dân.</p><p><br></p><p>Chúng tôi rất mong đón bạn như một thành viên trong đội ngũ của chúng tôi và chúc bạn sẽ có những trải nghiệm tuyệt vời tại đây!.</p><p><br></p><p>Xin chân thành cảm ơn bạn!</p>','Mail đăng kí'),('37e6753a-e110-4739-88b7-8213faab6906','Chúc mừng bạn đã đạt thành tích sinh viên giỏi trong kì vừa qua','<h1>CHÚC MỪNG BẠN ĐÃ ĐẠT THÀNH TÍCH TỐT</h1><p>Xin chào :Khóa học PHP ,</p><p>Cảm ơn bạn đã đăng ký khóa học : Khóa học FullStack.</p><p>Mã sinh viên của bạn là :&nbsp;SV472815</p><p>Trung tâm Newwave Solution trân trọng mời bạn đến văn phòng làm thủ tục theo thông tin sau: .</p><p>- Ngày làm thủ tục: 14h30 ngày 20/4/2023</p><p>- Địa điểm: Tầng 1, tòa Mitec, Dương Đình Nghệ, Yên Hòa, Cầu Giấy</p><p><strong style=\"color: rgb(230, 0, 0);\">Lưu ý: Khi đi bạn mang theo những loại giấy tờ sau.</strong></p><p>1.Bản sơ yếu lý lịch chứng thực (không quá 6 tháng từ ngày gửi, có thể làm tại các phòng công chứng tư)..</p><p>2. Bản sao công chứng chứng minh nhân dân/căn cước công dân.</p><p><br></p><p>Chúng tôi rất mong đón bạn như một thành viên trong đội ngũ của chúng tôi và chúc bạn sẽ có những trải nghiệm tuyệt vời tại đây!.</p><p><br></p><p>Xin chân thành cảm ơn bạn!</p>','Mail thông báo điểm'),('6e02ce58-3c96-44fa-9ae0-5f4ce8387747','Chúc mừng bạn đã bị đuổi học','<h1>CHÚC MỪNG BẠN ĐÃ BỊ ĐUỔI HỌC</h1><p>Xin chào :Khóa học PHP ,</p><p>Cảm ơn bạn đã đăng ký khóa học : Khóa học FullStack.</p><p>Mã sinh viên của bạn là :&nbsp;SV472815</p><p>Trung tâm Newwave Solution trân trọng mời bạn đến văn phòng làm thủ tục theo thông tin sau: .</p><p>- Ngày làm thủ tục: 14h30 ngày 20/4/2023</p><p>- Địa điểm: Tầng 1, tòa Mitec, Dương Đình Nghệ, Yên Hòa, Cầu Giấy</p><p><strong style=\"color: rgb(230, 0, 0);\">Lưu ý: Khi đi bạn mang theo những loại giấy tờ sau.</strong></p><p>1.Bản sơ yếu lý lịch chứng thực (không quá 6 tháng từ ngày gửi, có thể làm tại các phòng công chứng tư)..</p><p>2. Bản sao công chứng chứng minh nhân dân/căn cước công dân.</p><p><br></p><p>Chúng tôi rất mong đón bạn như một thành viên trong đội ngũ của chúng tôi và chúc bạn sẽ có những trải nghiệm tuyệt vời tại đây!.</p><p><br></p><p>Xin chân thành cảm ơn bạn!</p>','Thông báo đuổi học'),('8fab2f56-6a1d-4045-86f8-048be8171def','Chức mừng bạn đã được tăng lương','<h1>CHÚC MỪNG BẠN ĐÃ ĐẠT ĐƯỢC TĂNG LƯƠNG</h1><p>Xin chào :Khóa học PHP ,</p><p>Cảm ơn bạn đã đăng ký khóa học : Khóa học FullStack.</p><p>Mã sinh viên của bạn là :&nbsp;SV472815</p><p>Trung tâm Newwave Solution trân trọng mời bạn đến văn phòng làm thủ tục theo thông tin sau: .</p><p>- Ngày làm thủ tục: 14h30 ngày 20/4/2023</p><p>- Địa điểm: Tầng 1, tòa Mitec, Dương Đình Nghệ, Yên Hòa, Cầu Giấy</p><p><strong style=\"color: rgb(230, 0, 0);\">Lưu ý: Khi đi bạn mang theo những loại giấy tờ sau.</strong></p><p>1.Bản sơ yếu lý lịch chứng thực (không quá 6 tháng từ ngày gửi, có thể làm tại các phòng công chứng tư)..</p><p>2. Bản sao công chứng chứng minh nhân dân/căn cước công dân.</p><p><br></p><p>Chúng tôi rất mong đón bạn như một thành viên trong đội ngũ của chúng tôi và chúc bạn sẽ có những trải nghiệm tuyệt vời tại đây!.</p><p><br></p><p>Xin chân thành cảm ơn bạn!</p>','Mail thông báo tăng lương');
/*!40000 ALTER TABLE `send_mail` ENABLE KEYS */;
UNLOCK TABLES;

--
-- Table structure for table `student`
--

DROP TABLE IF EXISTS `student`;
/*!40101 SET @saved_cs_client     = @@character_set_client */;
/*!50503 SET character_set_client = utf8mb4 */;
CREATE TABLE `student` (
  `id` varchar(50) NOT NULL,
  `full_name` varchar(100) CHARACTER SET utf8mb3 COLLATE utf8mb3_general_ci DEFAULT NULL,
  `date_of_birth` datetime DEFAULT NULL,
  `phone_number` varchar(20) DEFAULT NULL,
  `address` varchar(100) CHARACTER SET utf8mb3 COLLATE utf8mb3_general_ci DEFAULT NULL,
  `email` varchar(45) DEFAULT NULL,
  `status` int DEFAULT NULL,
  `account_id` varchar(50) DEFAULT NULL,
  `code` varchar(45) DEFAULT NULL,
  `created_date` datetime DEFAULT NULL,
  `updated_date` datetime DEFAULT NULL,
  `course_id` varchar(50) DEFAULT NULL,
  PRIMARY KEY (`id`)
) ENGINE=InnoDB DEFAULT CHARSET=utf8mb4 COLLATE=utf8mb4_0900_ai_ci;
/*!40101 SET character_set_client = @saved_cs_client */;

--
-- Dumping data for table `student`
--

LOCK TABLES `student` WRITE;
/*!40000 ALTER TABLE `student` DISABLE KEYS */;
INSERT INTO `student` VALUES (',263DB766-A07E-2E2E-61D7-19D4D5E289CB','nguye van kien','2022-10-01 00:00:00','123456789','ha noi','kienvan@gmail.com',1,NULL,'sv1',NULL,NULL,NULL),(',563DB766-A07E-2E2E-61D7-19D4D5E289CB','nguye van chung','2022-10-01 00:00:00','123456782','ha noi','chungvan@gmail.com',1,NULL,'sv2',NULL,NULL,NULL),(',663DB766-A07E-2E2E-61D7-19D4D5E289CB','nguye van thuy','2022-10-01 00:00:00','123456781','ha noi','thuyvan@gmail.com',1,NULL,'sv3',NULL,NULL,NULL),(',763DB766-A07E-2E2E-61D7-19D4D5E289CB','nguye van vinh','2022-10-01 00:00:00','123456784','ha noi','vinhvan@gmail.com',1,NULL,'sv4',NULL,NULL,NULL),(',863DB766-A07E-2E2E-61D7-19D4D5E289CB','nguye van tung','2022-10-01 00:00:00',NULL,'ha noi','tungvan@gmail.com',1,NULL,'sv5',NULL,NULL,NULL);
/*!40000 ALTER TABLE `student` ENABLE KEYS */;
UNLOCK TABLES;

--
-- Table structure for table `subject`
--

DROP TABLE IF EXISTS `subject`;
/*!40101 SET @saved_cs_client     = @@character_set_client */;
/*!50503 SET character_set_client = utf8mb4 */;
CREATE TABLE `subject` (
  `id` varchar(50) NOT NULL,
  `subject_name` varchar(100) CHARACTER SET utf8mb3 COLLATE utf8mb3_general_ci DEFAULT NULL,
  `course_id` varchar(50) DEFAULT NULL,
  `subject_code` varchar(45) DEFAULT NULL,
  `created_date` datetime DEFAULT NULL,
  `updated_date` datetime DEFAULT NULL,
  `description` varchar(1000) CHARACTER SET utf8mb3 COLLATE utf8mb3_general_ci DEFAULT NULL,
  `result` varchar(100) DEFAULT NULL,
  `status` int DEFAULT NULL,
  `start_date` datetime DEFAULT NULL,
  `end_date` datetime DEFAULT NULL,
  PRIMARY KEY (`id`)
) ENGINE=InnoDB DEFAULT CHARSET=utf8mb4 COLLATE=utf8mb4_0900_ai_ci;
/*!40101 SET character_set_client = @saved_cs_client */;

--
-- Dumping data for table `subject`
--

LOCK TABLES `subject` WRITE;
/*!40000 ALTER TABLE `subject` DISABLE KEYS */;
INSERT INTO `subject` VALUES ('1f1c094c-7960-45bc-808b-5cfeea396518','C#','d75994f5-901d-41a1-8fe3-68675acd1c45','MH3','2024-03-25 16:34:26',NULL,'<ol><li><strong style=\"color: rgb(51, 51, 51);\">Giới thiệu CSS3: Khái niệm, tác dụng của CSS</strong></li><li><strong style=\"color: rgb(51, 51, 51);\"> Bộ chọn trong CSS Các loại bảng định kiểu &amp; thứ tự ưu tiên </strong></li><li><strong style=\"color: rgb(51, 51, 51);\">Thuộc tính định dạng font: color, font-family, font-size, font-style, font-weight, text-decoration, text-transform..</strong></li><li><strong style=\"color: rgb(51, 51, 51);\"> Thuộc tính định dạng khối: width, height, border, background, margin, padding</strong></li><li><strong style=\"color: rgb(51, 51, 51);\">Giới thiệu CSS3 và một số thuộc tính css3: border-radius, box-sizing, box-shadow, text-shadow, transform, transition, resize Tìm hiểu RGBA, gradient </strong></li><li><strong style=\"color: rgb(51, 51, 51);\">Multi Column</strong></li></ol><p><br></p><p><br></p><p><br></p><p><br></p>','Nắm vững C#',2,'2024-03-27 00:00:00','2024-03-29 00:00:00'),('2a8428ff-4a57-41c8-b9c3-79a8e6f30fda','Java core','d75994f5-901d-41a1-8fe3-68675acd1c45','MH2','2024-03-25 16:32:21',NULL,'<ol><li><strong style=\"color: rgb(51, 51, 51);\">Giới thiệu các khái niệm cơ bản về web. Ngôn ngữ HTML 5: </strong></li><li><strong style=\"color: rgb(51, 51, 51);\">Các thành phần cú pháp, các thuộc tính </strong></li><li><strong style=\"color: rgb(51, 51, 51);\">Tìm hiểu đặc điểm mới của HTML 5 Các bước xây dựng các trang web với HTML5</strong></li><li><strong style=\"color: rgb(51, 51, 51);\">Cấu trúc và thuộc tính thẻ tạo bảng. </strong></li><li><strong style=\"color: rgb(51, 51, 51);\">\\Kỹ thuật thao tác trên bảng Thẻ form và các thuộc tính </strong></li><li><strong style=\"color: rgb(51, 51, 51);\">Các thành phần trong thẻ form: Thẻ input và các loại type:text, checkbox, radio, button, submit, reset...select, textarea, button…</strong></li></ol><p><br></p><p><br></p>','Nắm vững gốc java',2,'2024-03-14 00:00:00','2024-03-29 00:00:00'),('43ea303e-ab9e-45b7-8e18-63622ae7024b','HTML','d75994f5-901d-41a1-8fe3-68675acd1c45','MH4','2024-03-25 16:35:37',NULL,'<ol><li><strong style=\"color: rgb(51, 51, 51);\">Giới thiệu HTML DOM</strong></li><li><strong style=\"color: rgb(51, 51, 51);\"> Biểu thức quy tắc</strong></li><li><strong style=\"color: rgb(51, 51, 51);\"> Kiểm tra hợp lệ dữ liệu trên form</strong></li><li><strong style=\"color: rgb(51, 51, 51);\">Giới thiệu về Jquery, cách sử dụng jquery </strong></li><li><strong style=\"color: rgb(51, 51, 51);\">Giới thiệu các loại bộ chọn sử dụng với Jquery: Jquery CSS Selector, các selector riêng của jQuery </strong></li><li><strong style=\"color: rgb(51, 51, 51);\">Các phương thức điều khiển thuộc tính thẻ html </strong></li><li><strong style=\"color: rgb(51, 51, 51);\"><span class=\"ql-cursor\">﻿</span>Các sự kiện tương tác thẻ html Các hiệu ứng với jquery Sử dụng ajax post – get trong jquery</strong></li></ol><p><br></p><p><br></p><p><br></p>','Biết xây dựng giao diện',0,'2024-03-14 00:00:00','2024-03-29 00:00:00'),('b7607371-5f55-43f9-9c0d-e7271a008bfd','Spring Se','d75994f5-901d-41a1-8fe3-68675acd1c45','MH132703','2024-03-26 13:35:50',NULL,'<ol><li><strong style=\"color: rgb(51, 51, 51);\">Giới thiệu HTML DOM</strong></li><li><strong style=\"color: rgb(51, 51, 51);\">Biểu thức quy tắc</strong></li><li><strong style=\"color: rgb(51, 51, 51);\">Kiểm tra hợp lệ dữ liệu trên form</strong></li><li><strong style=\"color: rgb(51, 51, 51);\">Giới thiệu về Jquery, cách sử dụng jquery</strong></li><li><strong style=\"color: rgb(51, 51, 51);\">Giới thiệu các loại bộ chọn sử dụng với Jquery: Jquery CSS Selector, các selector riêng của jQuery</strong></li><li><strong style=\"color: rgb(51, 51, 51);\">Các phương thức điều khiển thuộc tính thẻ html</strong></li><li><strong style=\"color: rgb(51, 51, 51);\">﻿Các sự kiện tương tác thẻ html Các hiệu ứng với jquery Sử dụng ajax post – get trong jquery</strong></li></ol><p><br></p>','Biết Authen và Authoz',0,'2024-06-28 00:00:00','2024-08-21 00:00:00'),('f8334ba4-e90e-4c34-914c-93cf371fa9e1','Css 3','d75994f5-901d-41a1-8fe3-68675acd1c45','MH1','2024-03-26 11:27:49',NULL,'<ol><li><strong style=\"color: rgb(51, 51, 51);\">Giới thiệu CSS3: Khái niệm, tác dụng của CSS </strong></li><li><strong style=\"color: rgb(51, 51, 51);\">Bộ chọn trong CSS </strong></li><li><strong style=\"color: rgb(51, 51, 51);\">Các loại bảng định kiểu &amp; thứ tự ưu tiên </strong></li><li><strong style=\"color: rgb(51, 51, 51);\">Thuộc tính định dạng font: color, font-family, font-size, font-style, font-weight, text-decoration, text-transform.. </strong></li><li><strong style=\"color: rgb(51, 51, 51);\">Thuộc tính định dạng khối: width, height, border, background, margin, padding</strong></li><li><strong style=\"color: rgb(51, 51, 51);\">Giới thiệu CSS3 và một số thuộc tính css3: border-radius, box-sizing, box-shadow, text-shadow, transform, transition, resize Tìm hiểu RGBA, gradient Multi Column</strong></li></ol><p><br></p>','Biết chỉnh sửa giao diện',0,'2024-03-27 00:00:00','2024-03-30 00:00:00');
/*!40000 ALTER TABLE `subject` ENABLE KEYS */;
UNLOCK TABLES;

--
-- Table structure for table `teacher`
--

DROP TABLE IF EXISTS `teacher`;
/*!40101 SET @saved_cs_client     = @@character_set_client */;
/*!50503 SET character_set_client = utf8mb4 */;
CREATE TABLE `teacher` (
  `id` varchar(50) NOT NULL,
  `full_name` varchar(100) CHARACTER SET utf8mb3 COLLATE utf8mb3_general_ci DEFAULT NULL,
  `email` varchar(45) DEFAULT NULL,
  `phone_number` int DEFAULT NULL,
  `gender` int DEFAULT NULL,
  `status` int DEFAULT NULL,
  `subject` varchar(100) DEFAULT NULL,
  `created_date` datetime DEFAULT NULL,
  `updated_date` datetime DEFAULT NULL,
  PRIMARY KEY (`id`)
) ENGINE=InnoDB DEFAULT CHARSET=utf8mb4 COLLATE=utf8mb4_0900_ai_ci;
/*!40101 SET character_set_client = @saved_cs_client */;

--
-- Dumping data for table `teacher`
--

LOCK TABLES `teacher` WRITE;
/*!40000 ALTER TABLE `teacher` DISABLE KEYS */;
INSERT INTO `teacher` VALUES ('06d47cf4-ed80-490d-a4c4-95bd8d64f2df','Nguyễn văn An','An@gmail.com',98765432,0,1,NULL,NULL,NULL),('06d47cf4-ed80-490d-a4c4-95bd8d64f2eb','Huấn Hoa Hồng','hoàng@gmail.com',876543218,1,1,NULL,NULL,NULL),('26926b93-aa0a-432e-8d5c-6853d5969fcf','Nguyễn Thị Huyền','Huyen111@gmail.com',98765456,0,1,NULL,'2024-03-19 10:33:02',NULL);
/*!40000 ALTER TABLE `teacher` ENABLE KEYS */;
UNLOCK TABLES;
/*!40103 SET TIME_ZONE=@OLD_TIME_ZONE */;

/*!40101 SET SQL_MODE=@OLD_SQL_MODE */;
/*!40014 SET FOREIGN_KEY_CHECKS=@OLD_FOREIGN_KEY_CHECKS */;
/*!40014 SET UNIQUE_CHECKS=@OLD_UNIQUE_CHECKS */;
/*!40101 SET CHARACTER_SET_CLIENT=@OLD_CHARACTER_SET_CLIENT */;
/*!40101 SET CHARACTER_SET_RESULTS=@OLD_CHARACTER_SET_RESULTS */;
/*!40101 SET COLLATION_CONNECTION=@OLD_COLLATION_CONNECTION */;
/*!40111 SET SQL_NOTES=@OLD_SQL_NOTES */;

-- Dump completed on 2024-05-27 16:34:16
